ISO-10303-21;
HEADER;
FILE_DESCRIPTION(('FreeCAD Model'),'2;1');
FILE_NAME('Open CASCADE Shape Model','2025-09-26T00:21:03',('Author'),(
    ''),'Open CASCADE STEP processor 7.8','FreeCAD','Unknown');
FILE_SCHEMA(('AUTOMOTIVE_DESIGN { 1 0 10303 214 1 1 1 1 }'));
ENDSEC;
DATA;
#1 = APPLICATION_PROTOCOL_DEFINITION('international standard',
  'automotive_design',2000,#2);
#2 = APPLICATION_CONTEXT(
  'core data for automotive mechanical design processes');
#3 = SHAPE_DEFINITION_REPRESENTATION(#4,#10);
#4 = PRODUCT_DEFINITION_SHAPE('','',#5);
#5 = PRODUCT_DEFINITION('design','',#6,#9);
#6 = PRODUCT_DEFINITION_FORMATION('','',#7);
#7 = PRODUCT('Frame','Frame','',(#8));
#8 = PRODUCT_CONTEXT('',#2,'mechanical');
#9 = PRODUCT_DEFINITION_CONTEXT('part definition',#2,'design');
#10 = ADVANCED_BREP_SHAPE_REPRESENTATION('',(#11,#15),#3661);
#11 = AXIS2_PLACEMENT_3D('',#12,#13,#14);
#12 = CARTESIAN_POINT('',(0.,0.,0.));
#13 = DIRECTION('',(0.,0.,1.));
#14 = DIRECTION('',(1.,0.,-0.));
#15 = MANIFOLD_SOLID_BREP('',#16);
#16 = CLOSED_SHELL('',(#17,#621,#652,#677,#702,#726,#841,#866,#890,#914,
    #997,#1015,#1046,#1070,#1087,#1111,#1136,#1167,#1191,#1215,#1239,
    #1263,#1280,#1311,#1336,#1361,#1385,#1409,#1434,#1459,#1476,#1501,
    #1532,#1556,#1580,#1604,#1628,#1645,#1670,#1695,#1726,#1750,#1774,
    #1798,#1822,#1839,#1870,#1895,#1920,#1944,#1968,#1993,#2018,#2035,
    #2067,#2091,#2115,#2133,#2158,#2183,#2208,#2233,#2264,#2288,#2312,
    #2336,#2360,#2377,#2679,#2696,#2735,#2747,#2764,#2803,#2815,#2840,
    #2865,#2924,#2983,#3008,#3067,#3126,#3151,#3168,#3185,#3207,#3224,
    #3241,#3258,#3275,#3287,#3309,#3326,#3343,#3360,#3377,#3389,#3406,
    #3428,#3445,#3462,#3479,#3496,#3508,#3530,#3547,#3564,#3581,#3598,
    #3610,#3627,#3644));
#17 = ADVANCED_FACE('',(#18,#152,#163,#213,#283,#294,#344,#355,#366,#416
    ,#486,#522,#533,#544,#555,#566),#616,.F.);
#18 = FACE_BOUND('',#19,.F.);
#19 = EDGE_LOOP('',(#20,#30,#39,#47,#55,#63,#71,#79,#87,#95,#103,#111,
    #120,#128,#137,#145));
#20 = ORIENTED_EDGE('',*,*,#21,.T.);
#21 = EDGE_CURVE('',#22,#24,#26,.T.);
#22 = VERTEX_POINT('',#23);
#23 = CARTESIAN_POINT('',(94.,49.,4.));
#24 = VERTEX_POINT('',#25);
#25 = CARTESIAN_POINT('',(-26.,49.,4.));
#26 = LINE('',#27,#28);
#27 = CARTESIAN_POINT('',(94.,49.,4.));
#28 = VECTOR('',#29,1.);
#29 = DIRECTION('',(-1.,0.,0.));
#30 = ORIENTED_EDGE('',*,*,#31,.T.);
#31 = EDGE_CURVE('',#24,#32,#34,.T.);
#32 = VERTEX_POINT('',#33);
#33 = CARTESIAN_POINT('',(-30.,45.,4.));
#34 = CIRCLE('',#35,4.);
#35 = AXIS2_PLACEMENT_3D('',#36,#37,#38);
#36 = CARTESIAN_POINT('',(-26.,45.,4.));
#37 = DIRECTION('',(0.,0.,1.));
#38 = DIRECTION('',(1.,0.,0.));
#39 = ORIENTED_EDGE('',*,*,#40,.T.);
#40 = EDGE_CURVE('',#32,#41,#43,.T.);
#41 = VERTEX_POINT('',#42);
#42 = CARTESIAN_POINT('',(-30.,23.,4.));
#43 = LINE('',#44,#45);
#44 = CARTESIAN_POINT('',(-30.,45.,4.));
#45 = VECTOR('',#46,1.);
#46 = DIRECTION('',(0.,-1.,0.));
#47 = ORIENTED_EDGE('',*,*,#48,.T.);
#48 = EDGE_CURVE('',#41,#49,#51,.T.);
#49 = VERTEX_POINT('',#50);
#50 = CARTESIAN_POINT('',(20.,23.,4.));
#51 = LINE('',#52,#53);
#52 = CARTESIAN_POINT('',(-30.,23.,4.));
#53 = VECTOR('',#54,1.);
#54 = DIRECTION('',(1.,0.,0.));
#55 = ORIENTED_EDGE('',*,*,#56,.F.);
#56 = EDGE_CURVE('',#57,#49,#59,.T.);
#57 = VERTEX_POINT('',#58);
#58 = CARTESIAN_POINT('',(20.,21.4,4.));
#59 = LINE('',#60,#61);
#60 = CARTESIAN_POINT('',(20.,0.919867611014,4.));
#61 = VECTOR('',#62,1.);
#62 = DIRECTION('',(0.,1.,0.));
#63 = ORIENTED_EDGE('',*,*,#64,.F.);
#64 = EDGE_CURVE('',#65,#57,#67,.T.);
#65 = VERTEX_POINT('',#66);
#66 = CARTESIAN_POINT('',(65.,21.4,4.));
#67 = LINE('',#68,#69);
#68 = CARTESIAN_POINT('',(-2.165277654538,21.4,4.));
#69 = VECTOR('',#70,1.);
#70 = DIRECTION('',(-1.,0.,0.));
#71 = ORIENTED_EDGE('',*,*,#72,.F.);
#72 = EDGE_CURVE('',#73,#65,#75,.T.);
#73 = VERTEX_POINT('',#74);
#74 = CARTESIAN_POINT('',(65.,-21.4,4.));
#75 = LINE('',#76,#77);
#76 = CARTESIAN_POINT('',(65.,0.919867611014,4.));
#77 = VECTOR('',#78,1.);
#78 = DIRECTION('',(0.,1.,0.));
#79 = ORIENTED_EDGE('',*,*,#80,.F.);
#80 = EDGE_CURVE('',#81,#73,#83,.T.);
#81 = VERTEX_POINT('',#82);
#82 = CARTESIAN_POINT('',(20.,-21.4,4.));
#83 = LINE('',#84,#85);
#84 = CARTESIAN_POINT('',(-2.165277654538,-21.4,4.));
#85 = VECTOR('',#86,1.);
#86 = DIRECTION('',(1.,0.,0.));
#87 = ORIENTED_EDGE('',*,*,#88,.F.);
#88 = EDGE_CURVE('',#89,#81,#91,.T.);
#89 = VERTEX_POINT('',#90);
#90 = CARTESIAN_POINT('',(20.,-23.,3.999999999985));
#91 = LINE('',#92,#93);
#92 = CARTESIAN_POINT('',(20.,0.919867611014,4.));
#93 = VECTOR('',#94,1.);
#94 = DIRECTION('',(0.,1.,0.));
#95 = ORIENTED_EDGE('',*,*,#96,.F.);
#96 = EDGE_CURVE('',#97,#89,#99,.T.);
#97 = VERTEX_POINT('',#98);
#98 = CARTESIAN_POINT('',(-30.,-23.,3.999999999985));
#99 = LINE('',#100,#101);
#100 = CARTESIAN_POINT('',(-30.,-23.,3.999999999985));
#101 = VECTOR('',#102,1.);
#102 = DIRECTION('',(1.,0.,0.));
#103 = ORIENTED_EDGE('',*,*,#104,.T.);
#104 = EDGE_CURVE('',#97,#105,#107,.T.);
#105 = VERTEX_POINT('',#106);
#106 = CARTESIAN_POINT('',(-30.,-45.,4.));
#107 = LINE('',#108,#109);
#108 = CARTESIAN_POINT('',(-30.,45.,4.));
#109 = VECTOR('',#110,1.);
#110 = DIRECTION('',(0.,-1.,0.));
#111 = ORIENTED_EDGE('',*,*,#112,.T.);
#112 = EDGE_CURVE('',#105,#113,#115,.T.);
#113 = VERTEX_POINT('',#114);
#114 = CARTESIAN_POINT('',(-26.,-49.,4.));
#115 = CIRCLE('',#116,4.);
#116 = AXIS2_PLACEMENT_3D('',#117,#118,#119);
#117 = CARTESIAN_POINT('',(-26.,-45.,4.));
#118 = DIRECTION('',(0.,0.,1.));
#119 = DIRECTION('',(1.,0.,0.));
#120 = ORIENTED_EDGE('',*,*,#121,.T.);
#121 = EDGE_CURVE('',#113,#122,#124,.T.);
#122 = VERTEX_POINT('',#123);
#123 = CARTESIAN_POINT('',(94.,-49.,4.));
#124 = LINE('',#125,#126);
#125 = CARTESIAN_POINT('',(-26.,-49.,4.));
#126 = VECTOR('',#127,1.);
#127 = DIRECTION('',(1.,0.,0.));
#128 = ORIENTED_EDGE('',*,*,#129,.T.);
#129 = EDGE_CURVE('',#122,#130,#132,.T.);
#130 = VERTEX_POINT('',#131);
#131 = CARTESIAN_POINT('',(98.,-45.,4.));
#132 = CIRCLE('',#133,4.);
#133 = AXIS2_PLACEMENT_3D('',#134,#135,#136);
#134 = CARTESIAN_POINT('',(94.,-45.,4.));
#135 = DIRECTION('',(0.,0.,1.));
#136 = DIRECTION('',(1.,0.,0.));
#137 = ORIENTED_EDGE('',*,*,#138,.T.);
#138 = EDGE_CURVE('',#130,#139,#141,.T.);
#139 = VERTEX_POINT('',#140);
#140 = CARTESIAN_POINT('',(98.,45.,4.));
#141 = LINE('',#142,#143);
#142 = CARTESIAN_POINT('',(98.,-45.,4.));
#143 = VECTOR('',#144,1.);
#144 = DIRECTION('',(0.,1.,0.));
#145 = ORIENTED_EDGE('',*,*,#146,.T.);
#146 = EDGE_CURVE('',#139,#22,#147,.T.);
#147 = CIRCLE('',#148,4.);
#148 = AXIS2_PLACEMENT_3D('',#149,#150,#151);
#149 = CARTESIAN_POINT('',(94.,45.,4.));
#150 = DIRECTION('',(0.,0.,1.));
#151 = DIRECTION('',(1.,0.,0.));
#152 = FACE_BOUND('',#153,.F.);
#153 = EDGE_LOOP('',(#154));
#154 = ORIENTED_EDGE('',*,*,#155,.F.);
#155 = EDGE_CURVE('',#156,#156,#158,.T.);
#156 = VERTEX_POINT('',#157);
#157 = CARTESIAN_POINT('',(-8.1,-44.,4.));
#158 = CIRCLE('',#159,1.4);
#159 = AXIS2_PLACEMENT_3D('',#160,#161,#162);
#160 = CARTESIAN_POINT('',(-9.5,-44.,4.));
#161 = DIRECTION('',(0.,0.,1.));
#162 = DIRECTION('',(1.,0.,0.));
#163 = FACE_BOUND('',#164,.F.);
#164 = EDGE_LOOP('',(#165,#175,#183,#191,#199,#207));
#165 = ORIENTED_EDGE('',*,*,#166,.T.);
#166 = EDGE_CURVE('',#167,#169,#171,.T.);
#167 = VERTEX_POINT('',#168);
#168 = CARTESIAN_POINT('',(-11.35,-28.90192378864,4.));
#169 = VERTEX_POINT('',#170);
#170 = CARTESIAN_POINT('',(-9.85,-31.5,4.));
#171 = LINE('',#172,#173);
#172 = CARTESIAN_POINT('',(-11.35,-28.90192378864,4.));
#173 = VECTOR('',#174,1.);
#174 = DIRECTION('',(0.5,-0.866025403784,0.));
#175 = ORIENTED_EDGE('',*,*,#176,.T.);
#176 = EDGE_CURVE('',#169,#177,#179,.T.);
#177 = VERTEX_POINT('',#178);
#178 = CARTESIAN_POINT('',(-11.35,-34.09807621135,4.));
#179 = LINE('',#180,#181);
#180 = CARTESIAN_POINT('',(-9.85,-31.5,4.));
#181 = VECTOR('',#182,1.);
#182 = DIRECTION('',(-0.5,-0.866025403784,0.));
#183 = ORIENTED_EDGE('',*,*,#184,.T.);
#184 = EDGE_CURVE('',#177,#185,#187,.T.);
#185 = VERTEX_POINT('',#186);
#186 = CARTESIAN_POINT('',(-14.35,-34.09807621135,4.));
#187 = LINE('',#188,#189);
#188 = CARTESIAN_POINT('',(-11.35,-34.09807621135,4.));
#189 = VECTOR('',#190,1.);
#190 = DIRECTION('',(-1.,-7.105427357601E-15,0.));
#191 = ORIENTED_EDGE('',*,*,#192,.T.);
#192 = EDGE_CURVE('',#185,#193,#195,.T.);
#193 = VERTEX_POINT('',#194);
#194 = CARTESIAN_POINT('',(-15.85,-31.5,4.));
#195 = LINE('',#196,#197);
#196 = CARTESIAN_POINT('',(-14.35,-34.09807621135,4.));
#197 = VECTOR('',#198,1.);
#198 = DIRECTION('',(-0.5,0.866025403784,-0.));
#199 = ORIENTED_EDGE('',*,*,#200,.T.);
#200 = EDGE_CURVE('',#193,#201,#203,.T.);
#201 = VERTEX_POINT('',#202);
#202 = CARTESIAN_POINT('',(-14.35,-28.90192378864,4.));
#203 = LINE('',#204,#205);
#204 = CARTESIAN_POINT('',(-15.85,-31.5,4.));
#205 = VECTOR('',#206,1.);
#206 = DIRECTION('',(0.5,0.866025403784,0.));
#207 = ORIENTED_EDGE('',*,*,#208,.T.);
#208 = EDGE_CURVE('',#201,#167,#209,.T.);
#209 = LINE('',#210,#211);
#210 = CARTESIAN_POINT('',(-14.35,-28.90192378864,4.));
#211 = VECTOR('',#212,1.);
#212 = DIRECTION('',(1.,-3.5527136788E-15,0.));
#213 = FACE_BOUND('',#214,.F.);
#214 = EDGE_LOOP('',(#215,#225,#234,#242,#251,#259,#268,#276));
#215 = ORIENTED_EDGE('',*,*,#216,.F.);
#216 = EDGE_CURVE('',#217,#219,#221,.T.);
#217 = VERTEX_POINT('',#218);
#218 = CARTESIAN_POINT('',(-9.,-25.,4.));
#219 = VERTEX_POINT('',#220);
#220 = CARTESIAN_POINT('',(-9.,-33.,4.));
#221 = LINE('',#222,#223);
#222 = CARTESIAN_POINT('',(-9.,-25.,4.));
#223 = VECTOR('',#224,1.);
#224 = DIRECTION('',(0.,-1.,0.));
#225 = ORIENTED_EDGE('',*,*,#226,.F.);
#226 = EDGE_CURVE('',#227,#217,#229,.T.);
#227 = VERTEX_POINT('',#228);
#228 = CARTESIAN_POINT('',(-8.,-24.,4.));
#229 = CIRCLE('',#230,1.);
#230 = AXIS2_PLACEMENT_3D('',#231,#232,#233);
#231 = CARTESIAN_POINT('',(-8.,-25.,4.));
#232 = DIRECTION('',(0.,0.,1.));
#233 = DIRECTION('',(1.,0.,0.));
#234 = ORIENTED_EDGE('',*,*,#235,.F.);
#235 = EDGE_CURVE('',#236,#227,#238,.T.);
#236 = VERTEX_POINT('',#237);
#237 = CARTESIAN_POINT('',(8.,-24.,4.));
#238 = LINE('',#239,#240);
#239 = CARTESIAN_POINT('',(8.,-24.,4.));
#240 = VECTOR('',#241,1.);
#241 = DIRECTION('',(-1.,0.,0.));
#242 = ORIENTED_EDGE('',*,*,#243,.F.);
#243 = EDGE_CURVE('',#244,#236,#246,.T.);
#244 = VERTEX_POINT('',#245);
#245 = CARTESIAN_POINT('',(9.,-25.,4.));
#246 = CIRCLE('',#247,1.);
#247 = AXIS2_PLACEMENT_3D('',#248,#249,#250);
#248 = CARTESIAN_POINT('',(8.,-25.,4.));
#249 = DIRECTION('',(0.,0.,1.));
#250 = DIRECTION('',(1.,0.,0.));
#251 = ORIENTED_EDGE('',*,*,#252,.F.);
#252 = EDGE_CURVE('',#253,#244,#255,.T.);
#253 = VERTEX_POINT('',#254);
#254 = CARTESIAN_POINT('',(9.,-33.,4.));
#255 = LINE('',#256,#257);
#256 = CARTESIAN_POINT('',(9.,-33.,4.));
#257 = VECTOR('',#258,1.);
#258 = DIRECTION('',(0.,1.,0.));
#259 = ORIENTED_EDGE('',*,*,#260,.F.);
#260 = EDGE_CURVE('',#261,#253,#263,.T.);
#261 = VERTEX_POINT('',#262);
#262 = CARTESIAN_POINT('',(8.,-34.,4.));
#263 = CIRCLE('',#264,1.);
#264 = AXIS2_PLACEMENT_3D('',#265,#266,#267);
#265 = CARTESIAN_POINT('',(8.,-33.,4.));
#266 = DIRECTION('',(0.,0.,1.));
#267 = DIRECTION('',(1.,0.,0.));
#268 = ORIENTED_EDGE('',*,*,#269,.F.);
#269 = EDGE_CURVE('',#270,#261,#272,.T.);
#270 = VERTEX_POINT('',#271);
#271 = CARTESIAN_POINT('',(-8.,-34.,4.));
#272 = LINE('',#273,#274);
#273 = CARTESIAN_POINT('',(-8.,-34.,4.));
#274 = VECTOR('',#275,1.);
#275 = DIRECTION('',(1.,0.,0.));
#276 = ORIENTED_EDGE('',*,*,#277,.F.);
#277 = EDGE_CURVE('',#219,#270,#278,.T.);
#278 = CIRCLE('',#279,1.);
#279 = AXIS2_PLACEMENT_3D('',#280,#281,#282);
#280 = CARTESIAN_POINT('',(-8.,-33.,4.));
#281 = DIRECTION('',(0.,0.,1.));
#282 = DIRECTION('',(1.,0.,0.));
#283 = FACE_BOUND('',#284,.F.);
#284 = EDGE_LOOP('',(#285));
#285 = ORIENTED_EDGE('',*,*,#286,.F.);
#286 = EDGE_CURVE('',#287,#287,#289,.T.);
#287 = VERTEX_POINT('',#288);
#288 = CARTESIAN_POINT('',(10.9,-44.,4.));
#289 = CIRCLE('',#290,1.4);
#290 = AXIS2_PLACEMENT_3D('',#291,#292,#293);
#291 = CARTESIAN_POINT('',(9.5,-44.,4.));
#292 = DIRECTION('',(0.,0.,1.));
#293 = DIRECTION('',(1.,0.,0.));
#294 = FACE_BOUND('',#295,.F.);
#295 = EDGE_LOOP('',(#296,#306,#314,#322,#330,#338));
#296 = ORIENTED_EDGE('',*,*,#297,.T.);
#297 = EDGE_CURVE('',#298,#300,#302,.T.);
#298 = VERTEX_POINT('',#299);
#299 = CARTESIAN_POINT('',(37.65,-28.90192378864,4.));
#300 = VERTEX_POINT('',#301);
#301 = CARTESIAN_POINT('',(39.15,-31.5,4.));
#302 = LINE('',#303,#304);
#303 = CARTESIAN_POINT('',(37.65,-28.90192378864,4.));
#304 = VECTOR('',#305,1.);
#305 = DIRECTION('',(0.5,-0.866025403784,0.));
#306 = ORIENTED_EDGE('',*,*,#307,.T.);
#307 = EDGE_CURVE('',#300,#308,#310,.T.);
#308 = VERTEX_POINT('',#309);
#309 = CARTESIAN_POINT('',(37.65,-34.09807621135,4.));
#310 = LINE('',#311,#312);
#311 = CARTESIAN_POINT('',(39.15,-31.5,4.));
#312 = VECTOR('',#313,1.);
#313 = DIRECTION('',(-0.5,-0.866025403784,0.));
#314 = ORIENTED_EDGE('',*,*,#315,.T.);
#315 = EDGE_CURVE('',#308,#316,#318,.T.);
#316 = VERTEX_POINT('',#317);
#317 = CARTESIAN_POINT('',(34.65,-34.09807621135,4.));
#318 = LINE('',#319,#320);
#319 = CARTESIAN_POINT('',(37.65,-34.09807621135,4.));
#320 = VECTOR('',#321,1.);
#321 = DIRECTION('',(-1.,0.,0.));
#322 = ORIENTED_EDGE('',*,*,#323,.T.);
#323 = EDGE_CURVE('',#316,#324,#326,.T.);
#324 = VERTEX_POINT('',#325);
#325 = CARTESIAN_POINT('',(33.15,-31.5,4.));
#326 = LINE('',#327,#328);
#327 = CARTESIAN_POINT('',(34.65,-34.09807621135,4.));
#328 = VECTOR('',#329,1.);
#329 = DIRECTION('',(-0.5,0.866025403784,-0.));
#330 = ORIENTED_EDGE('',*,*,#331,.T.);
#331 = EDGE_CURVE('',#324,#332,#334,.T.);
#332 = VERTEX_POINT('',#333);
#333 = CARTESIAN_POINT('',(34.65,-28.90192378864,4.));
#334 = LINE('',#335,#336);
#335 = CARTESIAN_POINT('',(33.15,-31.5,4.));
#336 = VECTOR('',#337,1.);
#337 = DIRECTION('',(0.5,0.866025403784,0.));
#338 = ORIENTED_EDGE('',*,*,#339,.T.);
#339 = EDGE_CURVE('',#332,#298,#340,.T.);
#340 = LINE('',#341,#342);
#341 = CARTESIAN_POINT('',(34.65,-28.90192378864,4.));
#342 = VECTOR('',#343,1.);
#343 = DIRECTION('',(1.,0.,0.));
#344 = FACE_BOUND('',#345,.F.);
#345 = EDGE_LOOP('',(#346));
#346 = ORIENTED_EDGE('',*,*,#347,.F.);
#347 = EDGE_CURVE('',#348,#348,#350,.T.);
#348 = VERTEX_POINT('',#349);
#349 = CARTESIAN_POINT('',(74.25,-15.,4.));
#350 = CIRCLE('',#351,1.75);
#351 = AXIS2_PLACEMENT_3D('',#352,#353,#354);
#352 = CARTESIAN_POINT('',(72.5,-15.,4.));
#353 = DIRECTION('',(0.,0.,1.));
#354 = DIRECTION('',(1.,0.,0.));
#355 = FACE_BOUND('',#356,.F.);
#356 = EDGE_LOOP('',(#357));
#357 = ORIENTED_EDGE('',*,*,#358,.F.);
#358 = EDGE_CURVE('',#359,#359,#361,.T.);
#359 = VERTEX_POINT('',#360);
#360 = CARTESIAN_POINT('',(94.25,-15.,4.));
#361 = CIRCLE('',#362,1.75);
#362 = AXIS2_PLACEMENT_3D('',#363,#364,#365);
#363 = CARTESIAN_POINT('',(92.5,-15.,4.));
#364 = DIRECTION('',(0.,0.,1.));
#365 = DIRECTION('',(1.,0.,0.));
#366 = FACE_BOUND('',#367,.F.);
#367 = EDGE_LOOP('',(#368,#378,#386,#394,#402,#410));
#368 = ORIENTED_EDGE('',*,*,#369,.T.);
#369 = EDGE_CURVE('',#370,#372,#374,.T.);
#370 = VERTEX_POINT('',#371);
#371 = CARTESIAN_POINT('',(-11.35,29.098076211353,4.));
#372 = VERTEX_POINT('',#373);
#373 = CARTESIAN_POINT('',(-9.85,26.5,4.));
#374 = LINE('',#375,#376);
#375 = CARTESIAN_POINT('',(-11.35,29.098076211353,4.));
#376 = VECTOR('',#377,1.);
#377 = DIRECTION('',(0.5,-0.866025403784,0.));
#378 = ORIENTED_EDGE('',*,*,#379,.T.);
#379 = EDGE_CURVE('',#372,#380,#382,.T.);
#380 = VERTEX_POINT('',#381);
#381 = CARTESIAN_POINT('',(-11.35,23.901923788647,4.));
#382 = LINE('',#383,#384);
#383 = CARTESIAN_POINT('',(-9.85,26.5,4.));
#384 = VECTOR('',#385,1.);
#385 = DIRECTION('',(-0.5,-0.866025403784,0.));
#386 = ORIENTED_EDGE('',*,*,#387,.T.);
#387 = EDGE_CURVE('',#380,#388,#390,.T.);
#388 = VERTEX_POINT('',#389);
#389 = CARTESIAN_POINT('',(-14.35,23.901923788647,4.));
#390 = LINE('',#391,#392);
#391 = CARTESIAN_POINT('',(-11.35,23.901923788647,4.));
#392 = VECTOR('',#393,1.);
#393 = DIRECTION('',(-1.,-1.184237892933E-15,0.));
#394 = ORIENTED_EDGE('',*,*,#395,.T.);
#395 = EDGE_CURVE('',#388,#396,#398,.T.);
#396 = VERTEX_POINT('',#397);
#397 = CARTESIAN_POINT('',(-15.85,26.5,4.));
#398 = LINE('',#399,#400);
#399 = CARTESIAN_POINT('',(-14.35,23.901923788647,4.));
#400 = VECTOR('',#401,1.);
#401 = DIRECTION('',(-0.5,0.866025403784,-0.));
#402 = ORIENTED_EDGE('',*,*,#403,.T.);
#403 = EDGE_CURVE('',#396,#404,#406,.T.);
#404 = VERTEX_POINT('',#405);
#405 = CARTESIAN_POINT('',(-14.35,29.098076211353,4.));
#406 = LINE('',#407,#408);
#407 = CARTESIAN_POINT('',(-15.85,26.5,4.));
#408 = VECTOR('',#409,1.);
#409 = DIRECTION('',(0.5,0.866025403784,0.));
#410 = ORIENTED_EDGE('',*,*,#411,.T.);
#411 = EDGE_CURVE('',#404,#370,#412,.T.);
#412 = LINE('',#413,#414);
#413 = CARTESIAN_POINT('',(-14.35,29.098076211353,4.));
#414 = VECTOR('',#415,1.);
#415 = DIRECTION('',(1.,-1.184237892934E-15,0.));
#416 = FACE_BOUND('',#417,.F.);
#417 = EDGE_LOOP('',(#418,#428,#437,#445,#454,#462,#471,#479));
#418 = ORIENTED_EDGE('',*,*,#419,.F.);
#419 = EDGE_CURVE('',#420,#422,#424,.T.);
#420 = VERTEX_POINT('',#421);
#421 = CARTESIAN_POINT('',(-9.,33.,4.));
#422 = VERTEX_POINT('',#423);
#423 = CARTESIAN_POINT('',(-9.,25.,4.));
#424 = LINE('',#425,#426);
#425 = CARTESIAN_POINT('',(-9.,33.,4.));
#426 = VECTOR('',#427,1.);
#427 = DIRECTION('',(0.,-1.,0.));
#428 = ORIENTED_EDGE('',*,*,#429,.F.);
#429 = EDGE_CURVE('',#430,#420,#432,.T.);
#430 = VERTEX_POINT('',#431);
#431 = CARTESIAN_POINT('',(-8.,34.,4.));
#432 = CIRCLE('',#433,1.);
#433 = AXIS2_PLACEMENT_3D('',#434,#435,#436);
#434 = CARTESIAN_POINT('',(-8.,33.,4.));
#435 = DIRECTION('',(0.,0.,1.));
#436 = DIRECTION('',(1.,0.,0.));
#437 = ORIENTED_EDGE('',*,*,#438,.F.);
#438 = EDGE_CURVE('',#439,#430,#441,.T.);
#439 = VERTEX_POINT('',#440);
#440 = CARTESIAN_POINT('',(8.,34.,4.));
#441 = LINE('',#442,#443);
#442 = CARTESIAN_POINT('',(8.,34.,4.));
#443 = VECTOR('',#444,1.);
#444 = DIRECTION('',(-1.,0.,0.));
#445 = ORIENTED_EDGE('',*,*,#446,.F.);
#446 = EDGE_CURVE('',#447,#439,#449,.T.);
#447 = VERTEX_POINT('',#448);
#448 = CARTESIAN_POINT('',(9.,33.,4.));
#449 = CIRCLE('',#450,1.);
#450 = AXIS2_PLACEMENT_3D('',#451,#452,#453);
#451 = CARTESIAN_POINT('',(8.,33.,4.));
#452 = DIRECTION('',(0.,0.,1.));
#453 = DIRECTION('',(1.,0.,0.));
#454 = ORIENTED_EDGE('',*,*,#455,.F.);
#455 = EDGE_CURVE('',#456,#447,#458,.T.);
#456 = VERTEX_POINT('',#457);
#457 = CARTESIAN_POINT('',(9.,25.,4.));
#458 = LINE('',#459,#460);
#459 = CARTESIAN_POINT('',(9.,25.,4.));
#460 = VECTOR('',#461,1.);
#461 = DIRECTION('',(0.,1.,0.));
#462 = ORIENTED_EDGE('',*,*,#463,.F.);
#463 = EDGE_CURVE('',#464,#456,#466,.T.);
#464 = VERTEX_POINT('',#465);
#465 = CARTESIAN_POINT('',(8.,24.,4.));
#466 = CIRCLE('',#467,1.);
#467 = AXIS2_PLACEMENT_3D('',#468,#469,#470);
#468 = CARTESIAN_POINT('',(8.,25.,4.));
#469 = DIRECTION('',(0.,0.,1.));
#470 = DIRECTION('',(1.,0.,0.));
#471 = ORIENTED_EDGE('',*,*,#472,.F.);
#472 = EDGE_CURVE('',#473,#464,#475,.T.);
#473 = VERTEX_POINT('',#474);
#474 = CARTESIAN_POINT('',(-8.,24.,4.));
#475 = LINE('',#476,#477);
#476 = CARTESIAN_POINT('',(-8.,24.,4.));
#477 = VECTOR('',#478,1.);
#478 = DIRECTION('',(1.,0.,0.));
#479 = ORIENTED_EDGE('',*,*,#480,.F.);
#480 = EDGE_CURVE('',#422,#473,#481,.T.);
#481 = CIRCLE('',#482,1.);
#482 = AXIS2_PLACEMENT_3D('',#483,#484,#485);
#483 = CARTESIAN_POINT('',(-8.,25.,4.));
#484 = DIRECTION('',(0.,0.,1.));
#485 = DIRECTION('',(1.,0.,0.));
#486 = FACE_BOUND('',#487,.F.);
#487 = EDGE_LOOP('',(#488,#499,#507,#516));
#488 = ORIENTED_EDGE('',*,*,#489,.F.);
#489 = EDGE_CURVE('',#490,#492,#494,.T.);
#490 = VERTEX_POINT('',#491);
#491 = CARTESIAN_POINT('',(-26.,30.,4.));
#492 = VERTEX_POINT('',#493);
#493 = CARTESIAN_POINT('',(-20.,30.,4.));
#494 = CIRCLE('',#495,3.);
#495 = AXIS2_PLACEMENT_3D('',#496,#497,#498);
#496 = CARTESIAN_POINT('',(-23.,30.,4.));
#497 = DIRECTION('',(0.,0.,1.));
#498 = DIRECTION('',(1.,0.,0.));
#499 = ORIENTED_EDGE('',*,*,#500,.T.);
#500 = EDGE_CURVE('',#490,#501,#503,.T.);
#501 = VERTEX_POINT('',#502);
#502 = CARTESIAN_POINT('',(-26.,40.,4.));
#503 = LINE('',#504,#505);
#504 = CARTESIAN_POINT('',(-26.,30.,4.));
#505 = VECTOR('',#506,1.);
#506 = DIRECTION('',(0.,1.,0.));
#507 = ORIENTED_EDGE('',*,*,#508,.F.);
#508 = EDGE_CURVE('',#509,#501,#511,.T.);
#509 = VERTEX_POINT('',#510);
#510 = CARTESIAN_POINT('',(-20.,40.,4.));
#511 = CIRCLE('',#512,3.);
#512 = AXIS2_PLACEMENT_3D('',#513,#514,#515);
#513 = CARTESIAN_POINT('',(-23.,40.,4.));
#514 = DIRECTION('',(0.,0.,1.));
#515 = DIRECTION('',(1.,0.,0.));
#516 = ORIENTED_EDGE('',*,*,#517,.F.);
#517 = EDGE_CURVE('',#492,#509,#518,.T.);
#518 = LINE('',#519,#520);
#519 = CARTESIAN_POINT('',(-20.,30.,4.));
#520 = VECTOR('',#521,1.);
#521 = DIRECTION('',(0.,1.,0.));
#522 = FACE_BOUND('',#523,.F.);
#523 = EDGE_LOOP('',(#524));
#524 = ORIENTED_EDGE('',*,*,#525,.F.);
#525 = EDGE_CURVE('',#526,#526,#528,.T.);
#526 = VERTEX_POINT('',#527);
#527 = CARTESIAN_POINT('',(-8.1,44.,4.));
#528 = CIRCLE('',#529,1.4);
#529 = AXIS2_PLACEMENT_3D('',#530,#531,#532);
#530 = CARTESIAN_POINT('',(-9.5,44.,4.));
#531 = DIRECTION('',(0.,0.,1.));
#532 = DIRECTION('',(1.,0.,0.));
#533 = FACE_BOUND('',#534,.F.);
#534 = EDGE_LOOP('',(#535));
#535 = ORIENTED_EDGE('',*,*,#536,.F.);
#536 = EDGE_CURVE('',#537,#537,#539,.T.);
#537 = VERTEX_POINT('',#538);
#538 = CARTESIAN_POINT('',(10.9,44.,4.));
#539 = CIRCLE('',#540,1.4);
#540 = AXIS2_PLACEMENT_3D('',#541,#542,#543);
#541 = CARTESIAN_POINT('',(9.5,44.,4.));
#542 = DIRECTION('',(0.,0.,1.));
#543 = DIRECTION('',(1.,0.,0.));
#544 = FACE_BOUND('',#545,.F.);
#545 = EDGE_LOOP('',(#546));
#546 = ORIENTED_EDGE('',*,*,#547,.F.);
#547 = EDGE_CURVE('',#548,#548,#550,.T.);
#548 = VERTEX_POINT('',#549);
#549 = CARTESIAN_POINT('',(74.25,15.,4.));
#550 = CIRCLE('',#551,1.75);
#551 = AXIS2_PLACEMENT_3D('',#552,#553,#554);
#552 = CARTESIAN_POINT('',(72.5,15.,4.));
#553 = DIRECTION('',(0.,0.,1.));
#554 = DIRECTION('',(1.,0.,0.));
#555 = FACE_BOUND('',#556,.F.);
#556 = EDGE_LOOP('',(#557));
#557 = ORIENTED_EDGE('',*,*,#558,.F.);
#558 = EDGE_CURVE('',#559,#559,#561,.T.);
#559 = VERTEX_POINT('',#560);
#560 = CARTESIAN_POINT('',(94.25,15.,4.));
#561 = CIRCLE('',#562,1.75);
#562 = AXIS2_PLACEMENT_3D('',#563,#564,#565);
#563 = CARTESIAN_POINT('',(92.5,15.,4.));
#564 = DIRECTION('',(0.,0.,1.));
#565 = DIRECTION('',(1.,0.,0.));
#566 = FACE_BOUND('',#567,.F.);
#567 = EDGE_LOOP('',(#568,#578,#586,#594,#602,#610));
#568 = ORIENTED_EDGE('',*,*,#569,.T.);
#569 = EDGE_CURVE('',#570,#572,#574,.T.);
#570 = VERTEX_POINT('',#571);
#571 = CARTESIAN_POINT('',(37.65,29.098076211353,4.));
#572 = VERTEX_POINT('',#573);
#573 = CARTESIAN_POINT('',(39.15,26.5,4.));
#574 = LINE('',#575,#576);
#575 = CARTESIAN_POINT('',(37.65,29.098076211353,4.));
#576 = VECTOR('',#577,1.);
#577 = DIRECTION('',(0.5,-0.866025403784,0.));
#578 = ORIENTED_EDGE('',*,*,#579,.T.);
#579 = EDGE_CURVE('',#572,#580,#582,.T.);
#580 = VERTEX_POINT('',#581);
#581 = CARTESIAN_POINT('',(37.65,23.901923788647,4.));
#582 = LINE('',#583,#584);
#583 = CARTESIAN_POINT('',(39.15,26.5,4.));
#584 = VECTOR('',#585,1.);
#585 = DIRECTION('',(-0.5,-0.866025403784,0.));
#586 = ORIENTED_EDGE('',*,*,#587,.T.);
#587 = EDGE_CURVE('',#580,#588,#590,.T.);
#588 = VERTEX_POINT('',#589);
#589 = CARTESIAN_POINT('',(34.65,23.901923788647,4.));
#590 = LINE('',#591,#592);
#591 = CARTESIAN_POINT('',(37.65,23.901923788647,4.));
#592 = VECTOR('',#593,1.);
#593 = DIRECTION('',(-1.,-1.184237892934E-15,0.));
#594 = ORIENTED_EDGE('',*,*,#595,.T.);
#595 = EDGE_CURVE('',#588,#596,#598,.T.);
#596 = VERTEX_POINT('',#597);
#597 = CARTESIAN_POINT('',(33.15,26.5,4.));
#598 = LINE('',#599,#600);
#599 = CARTESIAN_POINT('',(34.65,23.901923788647,4.));
#600 = VECTOR('',#601,1.);
#601 = DIRECTION('',(-0.5,0.866025403784,-0.));
#602 = ORIENTED_EDGE('',*,*,#603,.T.);
#603 = EDGE_CURVE('',#596,#604,#606,.T.);
#604 = VERTEX_POINT('',#605);
#605 = CARTESIAN_POINT('',(34.65,29.098076211353,4.));
#606 = LINE('',#607,#608);
#607 = CARTESIAN_POINT('',(33.15,26.5,4.));
#608 = VECTOR('',#609,1.);
#609 = DIRECTION('',(0.5,0.866025403784,0.));
#610 = ORIENTED_EDGE('',*,*,#611,.T.);
#611 = EDGE_CURVE('',#604,#570,#612,.T.);
#612 = LINE('',#613,#614);
#613 = CARTESIAN_POINT('',(34.65,29.098076211353,4.));
#614 = VECTOR('',#615,1.);
#615 = DIRECTION('',(1.,1.184237892934E-15,0.));
#616 = PLANE('',#617);
#617 = AXIS2_PLACEMENT_3D('',#618,#619,#620);
#618 = CARTESIAN_POINT('',(25.669444690924,1.839735222028,4.));
#619 = DIRECTION('',(0.,0.,1.));
#620 = DIRECTION('',(1.,0.,0.));
#621 = ADVANCED_FACE('',(#622),#647,.F.);
#622 = FACE_BOUND('',#623,.F.);
#623 = EDGE_LOOP('',(#624,#632,#640,#646));
#624 = ORIENTED_EDGE('',*,*,#625,.T.);
#625 = EDGE_CURVE('',#22,#626,#628,.T.);
#626 = VERTEX_POINT('',#627);
#627 = CARTESIAN_POINT('',(94.,49.,9.));
#628 = LINE('',#629,#630);
#629 = CARTESIAN_POINT('',(94.,49.,4.));
#630 = VECTOR('',#631,1.);
#631 = DIRECTION('',(0.,0.,1.));
#632 = ORIENTED_EDGE('',*,*,#633,.T.);
#633 = EDGE_CURVE('',#626,#634,#636,.T.);
#634 = VERTEX_POINT('',#635);
#635 = CARTESIAN_POINT('',(-26.,49.,9.));
#636 = LINE('',#637,#638);
#637 = CARTESIAN_POINT('',(94.,49.,9.));
#638 = VECTOR('',#639,1.);
#639 = DIRECTION('',(-1.,0.,0.));
#640 = ORIENTED_EDGE('',*,*,#641,.F.);
#641 = EDGE_CURVE('',#24,#634,#642,.T.);
#642 = LINE('',#643,#644);
#643 = CARTESIAN_POINT('',(-26.,49.,4.));
#644 = VECTOR('',#645,1.);
#645 = DIRECTION('',(0.,0.,1.));
#646 = ORIENTED_EDGE('',*,*,#21,.F.);
#647 = PLANE('',#648);
#648 = AXIS2_PLACEMENT_3D('',#649,#650,#651);
#649 = CARTESIAN_POINT('',(94.,49.,4.));
#650 = DIRECTION('',(0.,-1.,0.));
#651 = DIRECTION('',(-1.,0.,0.));
#652 = ADVANCED_FACE('',(#653),#672,.T.);
#653 = FACE_BOUND('',#654,.F.);
#654 = EDGE_LOOP('',(#655,#663,#670,#671));
#655 = ORIENTED_EDGE('',*,*,#656,.T.);
#656 = EDGE_CURVE('',#139,#657,#659,.T.);
#657 = VERTEX_POINT('',#658);
#658 = CARTESIAN_POINT('',(98.,45.,9.));
#659 = LINE('',#660,#661);
#660 = CARTESIAN_POINT('',(98.,45.,4.));
#661 = VECTOR('',#662,1.);
#662 = DIRECTION('',(0.,0.,1.));
#663 = ORIENTED_EDGE('',*,*,#664,.T.);
#664 = EDGE_CURVE('',#657,#626,#665,.T.);
#665 = CIRCLE('',#666,4.);
#666 = AXIS2_PLACEMENT_3D('',#667,#668,#669);
#667 = CARTESIAN_POINT('',(94.,45.,9.));
#668 = DIRECTION('',(0.,0.,1.));
#669 = DIRECTION('',(1.,0.,0.));
#670 = ORIENTED_EDGE('',*,*,#625,.F.);
#671 = ORIENTED_EDGE('',*,*,#146,.F.);
#672 = CYLINDRICAL_SURFACE('',#673,4.);
#673 = AXIS2_PLACEMENT_3D('',#674,#675,#676);
#674 = CARTESIAN_POINT('',(94.,45.,4.));
#675 = DIRECTION('',(-0.,-0.,-1.));
#676 = DIRECTION('',(1.,0.,0.));
#677 = ADVANCED_FACE('',(#678),#697,.T.);
#678 = FACE_BOUND('',#679,.F.);
#679 = EDGE_LOOP('',(#680,#681,#690,#696));
#680 = ORIENTED_EDGE('',*,*,#641,.T.);
#681 = ORIENTED_EDGE('',*,*,#682,.T.);
#682 = EDGE_CURVE('',#634,#683,#685,.T.);
#683 = VERTEX_POINT('',#684);
#684 = CARTESIAN_POINT('',(-30.,45.,9.));
#685 = CIRCLE('',#686,4.);
#686 = AXIS2_PLACEMENT_3D('',#687,#688,#689);
#687 = CARTESIAN_POINT('',(-26.,45.,9.));
#688 = DIRECTION('',(0.,0.,1.));
#689 = DIRECTION('',(1.,0.,0.));
#690 = ORIENTED_EDGE('',*,*,#691,.F.);
#691 = EDGE_CURVE('',#32,#683,#692,.T.);
#692 = LINE('',#693,#694);
#693 = CARTESIAN_POINT('',(-30.,45.,4.));
#694 = VECTOR('',#695,1.);
#695 = DIRECTION('',(0.,0.,1.));
#696 = ORIENTED_EDGE('',*,*,#31,.F.);
#697 = CYLINDRICAL_SURFACE('',#698,4.);
#698 = AXIS2_PLACEMENT_3D('',#699,#700,#701);
#699 = CARTESIAN_POINT('',(-26.,45.,4.));
#700 = DIRECTION('',(-0.,-0.,-1.));
#701 = DIRECTION('',(1.,0.,0.));
#702 = ADVANCED_FACE('',(#703),#721,.F.);
#703 = FACE_BOUND('',#704,.F.);
#704 = EDGE_LOOP('',(#705,#713,#719,#720));
#705 = ORIENTED_EDGE('',*,*,#706,.T.);
#706 = EDGE_CURVE('',#130,#707,#709,.T.);
#707 = VERTEX_POINT('',#708);
#708 = CARTESIAN_POINT('',(98.,-45.,9.));
#709 = LINE('',#710,#711);
#710 = CARTESIAN_POINT('',(98.,-45.,4.));
#711 = VECTOR('',#712,1.);
#712 = DIRECTION('',(0.,0.,1.));
#713 = ORIENTED_EDGE('',*,*,#714,.T.);
#714 = EDGE_CURVE('',#707,#657,#715,.T.);
#715 = LINE('',#716,#717);
#716 = CARTESIAN_POINT('',(98.,-45.,9.));
#717 = VECTOR('',#718,1.);
#718 = DIRECTION('',(0.,1.,0.));
#719 = ORIENTED_EDGE('',*,*,#656,.F.);
#720 = ORIENTED_EDGE('',*,*,#138,.F.);
#721 = PLANE('',#722);
#722 = AXIS2_PLACEMENT_3D('',#723,#724,#725);
#723 = CARTESIAN_POINT('',(98.,-45.,4.));
#724 = DIRECTION('',(-1.,0.,0.));
#725 = DIRECTION('',(0.,1.,0.));
#726 = ADVANCED_FACE('',(#727),#836,.T.);
#727 = FACE_BOUND('',#728,.T.);
#728 = EDGE_LOOP('',(#729,#730,#731,#739,#748,#756,#765,#771,#772,#780,
    #788,#796,#805,#813,#822,#830));
#729 = ORIENTED_EDGE('',*,*,#691,.F.);
#730 = ORIENTED_EDGE('',*,*,#40,.T.);
#731 = ORIENTED_EDGE('',*,*,#732,.T.);
#732 = EDGE_CURVE('',#41,#733,#735,.T.);
#733 = VERTEX_POINT('',#734);
#734 = CARTESIAN_POINT('',(-30.,23.,-14.00000000003));
#735 = LINE('',#736,#737);
#736 = CARTESIAN_POINT('',(-30.,23.,4.));
#737 = VECTOR('',#738,1.);
#738 = DIRECTION('',(0.,0.,-1.));
#739 = ORIENTED_EDGE('',*,*,#740,.T.);
#740 = EDGE_CURVE('',#733,#741,#743,.T.);
#741 = VERTEX_POINT('',#742);
#742 = CARTESIAN_POINT('',(-30.,22.,-15.00000000003));
#743 = CIRCLE('',#744,1.);
#744 = AXIS2_PLACEMENT_3D('',#745,#746,#747);
#745 = CARTESIAN_POINT('',(-30.,22.,-14.00000000003));
#746 = DIRECTION('',(-1.,0.,0.));
#747 = DIRECTION('',(0.,-1.,0.));
#748 = ORIENTED_EDGE('',*,*,#749,.T.);
#749 = EDGE_CURVE('',#741,#750,#752,.T.);
#750 = VERTEX_POINT('',#751);
#751 = CARTESIAN_POINT('',(-30.,-22.,-15.00000000003));
#752 = LINE('',#753,#754);
#753 = CARTESIAN_POINT('',(-30.,22.,-15.00000000003));
#754 = VECTOR('',#755,1.);
#755 = DIRECTION('',(0.,-1.,0.));
#756 = ORIENTED_EDGE('',*,*,#757,.T.);
#757 = EDGE_CURVE('',#750,#758,#760,.T.);
#758 = VERTEX_POINT('',#759);
#759 = CARTESIAN_POINT('',(-30.,-23.,-14.00000000001));
#760 = CIRCLE('',#761,1.);
#761 = AXIS2_PLACEMENT_3D('',#762,#763,#764);
#762 = CARTESIAN_POINT('',(-30.,-22.,-14.00000000003));
#763 = DIRECTION('',(-1.,0.,0.));
#764 = DIRECTION('',(0.,-1.,0.));
#765 = ORIENTED_EDGE('',*,*,#766,.T.);
#766 = EDGE_CURVE('',#758,#97,#767,.T.);
#767 = LINE('',#768,#769);
#768 = CARTESIAN_POINT('',(-30.,-23.,-14.00000000001));
#769 = VECTOR('',#770,1.);
#770 = DIRECTION('',(0.,0.,1.));
#771 = ORIENTED_EDGE('',*,*,#104,.T.);
#772 = ORIENTED_EDGE('',*,*,#773,.T.);
#773 = EDGE_CURVE('',#105,#774,#776,.T.);
#774 = VERTEX_POINT('',#775);
#775 = CARTESIAN_POINT('',(-30.,-45.,9.));
#776 = LINE('',#777,#778);
#777 = CARTESIAN_POINT('',(-30.,-45.,4.));
#778 = VECTOR('',#779,1.);
#779 = DIRECTION('',(0.,0.,1.));
#780 = ORIENTED_EDGE('',*,*,#781,.F.);
#781 = EDGE_CURVE('',#782,#774,#784,.T.);
#782 = VERTEX_POINT('',#783);
#783 = CARTESIAN_POINT('',(-30.,-21.4,9.));
#784 = LINE('',#785,#786);
#785 = CARTESIAN_POINT('',(-30.,45.,9.));
#786 = VECTOR('',#787,1.);
#787 = DIRECTION('',(0.,-1.,0.));
#788 = ORIENTED_EDGE('',*,*,#789,.F.);
#789 = EDGE_CURVE('',#790,#782,#792,.T.);
#790 = VERTEX_POINT('',#791);
#791 = CARTESIAN_POINT('',(-30.,-21.4,-12.4));
#792 = LINE('',#793,#794);
#793 = CARTESIAN_POINT('',(-30.,-21.4,-12.4));
#794 = VECTOR('',#795,1.);
#795 = DIRECTION('',(0.,0.,1.));
#796 = ORIENTED_EDGE('',*,*,#797,.F.);
#797 = EDGE_CURVE('',#798,#790,#800,.T.);
#798 = VERTEX_POINT('',#799);
#799 = CARTESIAN_POINT('',(-30.,-20.4,-13.4));
#800 = CIRCLE('',#801,1.);
#801 = AXIS2_PLACEMENT_3D('',#802,#803,#804);
#802 = CARTESIAN_POINT('',(-30.,-20.4,-12.4));
#803 = DIRECTION('',(-1.,0.,0.));
#804 = DIRECTION('',(0.,-1.,0.));
#805 = ORIENTED_EDGE('',*,*,#806,.F.);
#806 = EDGE_CURVE('',#807,#798,#809,.T.);
#807 = VERTEX_POINT('',#808);
#808 = CARTESIAN_POINT('',(-30.,20.4,-13.4));
#809 = LINE('',#810,#811);
#810 = CARTESIAN_POINT('',(-30.,20.4,-13.4));
#811 = VECTOR('',#812,1.);
#812 = DIRECTION('',(0.,-1.,0.));
#813 = ORIENTED_EDGE('',*,*,#814,.F.);
#814 = EDGE_CURVE('',#815,#807,#817,.T.);
#815 = VERTEX_POINT('',#816);
#816 = CARTESIAN_POINT('',(-30.,21.4,-12.4));
#817 = CIRCLE('',#818,1.);
#818 = AXIS2_PLACEMENT_3D('',#819,#820,#821);
#819 = CARTESIAN_POINT('',(-30.,20.4,-12.4));
#820 = DIRECTION('',(-1.,0.,0.));
#821 = DIRECTION('',(0.,-1.,0.));
#822 = ORIENTED_EDGE('',*,*,#823,.F.);
#823 = EDGE_CURVE('',#824,#815,#826,.T.);
#824 = VERTEX_POINT('',#825);
#825 = CARTESIAN_POINT('',(-30.,21.4,9.));
#826 = LINE('',#827,#828);
#827 = CARTESIAN_POINT('',(-30.,21.4,9.));
#828 = VECTOR('',#829,1.);
#829 = DIRECTION('',(0.,0.,-1.));
#830 = ORIENTED_EDGE('',*,*,#831,.F.);
#831 = EDGE_CURVE('',#683,#824,#832,.T.);
#832 = LINE('',#833,#834);
#833 = CARTESIAN_POINT('',(-30.,45.,9.));
#834 = VECTOR('',#835,1.);
#835 = DIRECTION('',(0.,-1.,0.));
#836 = PLANE('',#837);
#837 = AXIS2_PLACEMENT_3D('',#838,#839,#840);
#838 = CARTESIAN_POINT('',(-30.,1.434690069396E-12,0.729116244314));
#839 = DIRECTION('',(-1.,-0.,-0.));
#840 = DIRECTION('',(0.,0.,-1.));
#841 = ADVANCED_FACE('',(#842),#861,.T.);
#842 = FACE_BOUND('',#843,.F.);
#843 = EDGE_LOOP('',(#844,#852,#859,#860));
#844 = ORIENTED_EDGE('',*,*,#845,.T.);
#845 = EDGE_CURVE('',#122,#846,#848,.T.);
#846 = VERTEX_POINT('',#847);
#847 = CARTESIAN_POINT('',(94.,-49.,9.));
#848 = LINE('',#849,#850);
#849 = CARTESIAN_POINT('',(94.,-49.,4.));
#850 = VECTOR('',#851,1.);
#851 = DIRECTION('',(0.,0.,1.));
#852 = ORIENTED_EDGE('',*,*,#853,.T.);
#853 = EDGE_CURVE('',#846,#707,#854,.T.);
#854 = CIRCLE('',#855,4.);
#855 = AXIS2_PLACEMENT_3D('',#856,#857,#858);
#856 = CARTESIAN_POINT('',(94.,-45.,9.));
#857 = DIRECTION('',(0.,0.,1.));
#858 = DIRECTION('',(1.,0.,0.));
#859 = ORIENTED_EDGE('',*,*,#706,.F.);
#860 = ORIENTED_EDGE('',*,*,#129,.F.);
#861 = CYLINDRICAL_SURFACE('',#862,4.);
#862 = AXIS2_PLACEMENT_3D('',#863,#864,#865);
#863 = CARTESIAN_POINT('',(94.,-45.,4.));
#864 = DIRECTION('',(-0.,-0.,-1.));
#865 = DIRECTION('',(1.,0.,0.));
#866 = ADVANCED_FACE('',(#867),#885,.T.);
#867 = FACE_BOUND('',#868,.T.);
#868 = EDGE_LOOP('',(#869,#870,#878,#884));
#869 = ORIENTED_EDGE('',*,*,#48,.T.);
#870 = ORIENTED_EDGE('',*,*,#871,.T.);
#871 = EDGE_CURVE('',#49,#872,#874,.T.);
#872 = VERTEX_POINT('',#873);
#873 = CARTESIAN_POINT('',(20.,23.,-14.00000000003));
#874 = LINE('',#875,#876);
#875 = CARTESIAN_POINT('',(20.,23.,4.));
#876 = VECTOR('',#877,1.);
#877 = DIRECTION('',(0.,0.,-1.));
#878 = ORIENTED_EDGE('',*,*,#879,.F.);
#879 = EDGE_CURVE('',#733,#872,#880,.T.);
#880 = LINE('',#881,#882);
#881 = CARTESIAN_POINT('',(-30.,23.,-14.00000000003));
#882 = VECTOR('',#883,1.);
#883 = DIRECTION('',(1.,0.,0.));
#884 = ORIENTED_EDGE('',*,*,#732,.F.);
#885 = PLANE('',#886);
#886 = AXIS2_PLACEMENT_3D('',#887,#888,#889);
#887 = CARTESIAN_POINT('',(-30.,23.,4.));
#888 = DIRECTION('',(0.,1.,0.));
#889 = DIRECTION('',(0.,0.,-1.));
#890 = ADVANCED_FACE('',(#891),#909,.F.);
#891 = FACE_BOUND('',#892,.F.);
#892 = EDGE_LOOP('',(#893,#901,#907,#908));
#893 = ORIENTED_EDGE('',*,*,#894,.T.);
#894 = EDGE_CURVE('',#113,#895,#897,.T.);
#895 = VERTEX_POINT('',#896);
#896 = CARTESIAN_POINT('',(-26.,-49.,9.));
#897 = LINE('',#898,#899);
#898 = CARTESIAN_POINT('',(-26.,-49.,4.));
#899 = VECTOR('',#900,1.);
#900 = DIRECTION('',(0.,0.,1.));
#901 = ORIENTED_EDGE('',*,*,#902,.T.);
#902 = EDGE_CURVE('',#895,#846,#903,.T.);
#903 = LINE('',#904,#905);
#904 = CARTESIAN_POINT('',(-26.,-49.,9.));
#905 = VECTOR('',#906,1.);
#906 = DIRECTION('',(1.,0.,0.));
#907 = ORIENTED_EDGE('',*,*,#845,.F.);
#908 = ORIENTED_EDGE('',*,*,#121,.F.);
#909 = PLANE('',#910);
#910 = AXIS2_PLACEMENT_3D('',#911,#912,#913);
#911 = CARTESIAN_POINT('',(-26.,-49.,4.));
#912 = DIRECTION('',(0.,1.,0.));
#913 = DIRECTION('',(1.,0.,0.));
#914 = ADVANCED_FACE('',(#915),#992,.T.);
#915 = FACE_BOUND('',#916,.T.);
#916 = EDGE_LOOP('',(#917,#918,#919,#927,#936,#944,#953,#959,#960,#968,
    #977,#985));
#917 = ORIENTED_EDGE('',*,*,#871,.F.);
#918 = ORIENTED_EDGE('',*,*,#56,.F.);
#919 = ORIENTED_EDGE('',*,*,#920,.F.);
#920 = EDGE_CURVE('',#921,#57,#923,.T.);
#921 = VERTEX_POINT('',#922);
#922 = CARTESIAN_POINT('',(20.,21.4,-12.4));
#923 = LINE('',#924,#925);
#924 = CARTESIAN_POINT('',(20.,21.4,1.999999999992));
#925 = VECTOR('',#926,1.);
#926 = DIRECTION('',(0.,0.,1.));
#927 = ORIENTED_EDGE('',*,*,#928,.T.);
#928 = EDGE_CURVE('',#921,#929,#931,.T.);
#929 = VERTEX_POINT('',#930);
#930 = CARTESIAN_POINT('',(20.,20.4,-13.4));
#931 = CIRCLE('',#932,1.);
#932 = AXIS2_PLACEMENT_3D('',#933,#934,#935);
#933 = CARTESIAN_POINT('',(20.,20.4,-12.4));
#934 = DIRECTION('',(-1.,0.,0.));
#935 = DIRECTION('',(0.,-1.,0.));
#936 = ORIENTED_EDGE('',*,*,#937,.F.);
#937 = EDGE_CURVE('',#938,#929,#940,.T.);
#938 = VERTEX_POINT('',#939);
#939 = CARTESIAN_POINT('',(20.,-20.4,-13.4));
#940 = LINE('',#941,#942);
#941 = CARTESIAN_POINT('',(20.,10.2,-13.4));
#942 = VECTOR('',#943,1.);
#943 = DIRECTION('',(0.,1.,0.));
#944 = ORIENTED_EDGE('',*,*,#945,.T.);
#945 = EDGE_CURVE('',#938,#946,#948,.T.);
#946 = VERTEX_POINT('',#947);
#947 = CARTESIAN_POINT('',(20.,-21.4,-12.4));
#948 = CIRCLE('',#949,1.);
#949 = AXIS2_PLACEMENT_3D('',#950,#951,#952);
#950 = CARTESIAN_POINT('',(20.,-20.4,-12.4));
#951 = DIRECTION('',(-1.,0.,0.));
#952 = DIRECTION('',(0.,-1.,0.));
#953 = ORIENTED_EDGE('',*,*,#954,.F.);
#954 = EDGE_CURVE('',#81,#946,#955,.T.);
#955 = LINE('',#956,#957);
#956 = CARTESIAN_POINT('',(20.,-21.4,-8.700000000008));
#957 = VECTOR('',#958,1.);
#958 = DIRECTION('',(0.,0.,-1.));
#959 = ORIENTED_EDGE('',*,*,#88,.F.);
#960 = ORIENTED_EDGE('',*,*,#961,.F.);
#961 = EDGE_CURVE('',#962,#89,#964,.T.);
#962 = VERTEX_POINT('',#963);
#963 = CARTESIAN_POINT('',(20.,-23.,-14.00000000001));
#964 = LINE('',#965,#966);
#965 = CARTESIAN_POINT('',(20.,-23.,-14.00000000001));
#966 = VECTOR('',#967,1.);
#967 = DIRECTION('',(0.,0.,1.));
#968 = ORIENTED_EDGE('',*,*,#969,.F.);
#969 = EDGE_CURVE('',#970,#962,#972,.T.);
#970 = VERTEX_POINT('',#971);
#971 = CARTESIAN_POINT('',(20.,-22.,-15.00000000003));
#972 = CIRCLE('',#973,1.);
#973 = AXIS2_PLACEMENT_3D('',#974,#975,#976);
#974 = CARTESIAN_POINT('',(20.,-22.,-14.00000000003));
#975 = DIRECTION('',(-1.,0.,0.));
#976 = DIRECTION('',(0.,-1.,0.));
#977 = ORIENTED_EDGE('',*,*,#978,.F.);
#978 = EDGE_CURVE('',#979,#970,#981,.T.);
#979 = VERTEX_POINT('',#980);
#980 = CARTESIAN_POINT('',(20.,22.,-15.00000000003));
#981 = LINE('',#982,#983);
#982 = CARTESIAN_POINT('',(20.,22.,-15.00000000003));
#983 = VECTOR('',#984,1.);
#984 = DIRECTION('',(0.,-1.,0.));
#985 = ORIENTED_EDGE('',*,*,#986,.F.);
#986 = EDGE_CURVE('',#872,#979,#987,.T.);
#987 = CIRCLE('',#988,1.);
#988 = AXIS2_PLACEMENT_3D('',#989,#990,#991);
#989 = CARTESIAN_POINT('',(20.,22.,-14.00000000003));
#990 = DIRECTION('',(-1.,0.,0.));
#991 = DIRECTION('',(0.,-1.,0.));
#992 = PLANE('',#993);
#993 = AXIS2_PLACEMENT_3D('',#994,#995,#996);
#994 = CARTESIAN_POINT('',(20.,-6.238519659902E-13,-5.000000000015));
#995 = DIRECTION('',(1.,0.,0.));
#996 = DIRECTION('',(0.,0.,1.));
#997 = ADVANCED_FACE('',(#998),#1010,.T.);
#998 = FACE_BOUND('',#999,.F.);
#999 = EDGE_LOOP('',(#1000,#1001,#1008,#1009));
#1000 = ORIENTED_EDGE('',*,*,#773,.T.);
#1001 = ORIENTED_EDGE('',*,*,#1002,.T.);
#1002 = EDGE_CURVE('',#774,#895,#1003,.T.);
#1003 = CIRCLE('',#1004,4.);
#1004 = AXIS2_PLACEMENT_3D('',#1005,#1006,#1007);
#1005 = CARTESIAN_POINT('',(-26.,-45.,9.));
#1006 = DIRECTION('',(0.,0.,1.));
#1007 = DIRECTION('',(1.,0.,0.));
#1008 = ORIENTED_EDGE('',*,*,#894,.F.);
#1009 = ORIENTED_EDGE('',*,*,#112,.F.);
#1010 = CYLINDRICAL_SURFACE('',#1011,4.);
#1011 = AXIS2_PLACEMENT_3D('',#1012,#1013,#1014);
#1012 = CARTESIAN_POINT('',(-26.,-45.,4.));
#1013 = DIRECTION('',(-0.,-0.,-1.));
#1014 = DIRECTION('',(1.,0.,0.));
#1015 = ADVANCED_FACE('',(#1016),#1041,.F.);
#1016 = FACE_BOUND('',#1017,.F.);
#1017 = EDGE_LOOP('',(#1018,#1019,#1027,#1033,#1034,#1035));
#1018 = ORIENTED_EDGE('',*,*,#823,.F.);
#1019 = ORIENTED_EDGE('',*,*,#1020,.T.);
#1020 = EDGE_CURVE('',#824,#1021,#1023,.T.);
#1021 = VERTEX_POINT('',#1022);
#1022 = CARTESIAN_POINT('',(65.,21.4,9.));
#1023 = LINE('',#1024,#1025);
#1024 = CARTESIAN_POINT('',(-30.,21.4,9.));
#1025 = VECTOR('',#1026,1.);
#1026 = DIRECTION('',(1.,0.,0.));
#1027 = ORIENTED_EDGE('',*,*,#1028,.T.);
#1028 = EDGE_CURVE('',#1021,#65,#1029,.T.);
#1029 = LINE('',#1030,#1031);
#1030 = CARTESIAN_POINT('',(65.,21.4,9.));
#1031 = VECTOR('',#1032,1.);
#1032 = DIRECTION('',(0.,0.,-1.));
#1033 = ORIENTED_EDGE('',*,*,#64,.T.);
#1034 = ORIENTED_EDGE('',*,*,#920,.F.);
#1035 = ORIENTED_EDGE('',*,*,#1036,.F.);
#1036 = EDGE_CURVE('',#815,#921,#1037,.T.);
#1037 = LINE('',#1038,#1039);
#1038 = CARTESIAN_POINT('',(-30.,21.4,-12.4));
#1039 = VECTOR('',#1040,1.);
#1040 = DIRECTION('',(1.,0.,0.));
#1041 = PLANE('',#1042);
#1042 = AXIS2_PLACEMENT_3D('',#1043,#1044,#1045);
#1043 = CARTESIAN_POINT('',(-30.,21.4,9.));
#1044 = DIRECTION('',(0.,1.,0.));
#1045 = DIRECTION('',(0.,0.,-1.));
#1046 = ADVANCED_FACE('',(#1047),#1065,.F.);
#1047 = FACE_BOUND('',#1048,.F.);
#1048 = EDGE_LOOP('',(#1049,#1050,#1058,#1064));
#1049 = ORIENTED_EDGE('',*,*,#1028,.F.);
#1050 = ORIENTED_EDGE('',*,*,#1051,.F.);
#1051 = EDGE_CURVE('',#1052,#1021,#1054,.T.);
#1052 = VERTEX_POINT('',#1053);
#1053 = CARTESIAN_POINT('',(65.,-21.4,9.));
#1054 = LINE('',#1055,#1056);
#1055 = CARTESIAN_POINT('',(65.,0.919867611014,9.));
#1056 = VECTOR('',#1057,1.);
#1057 = DIRECTION('',(0.,1.,0.));
#1058 = ORIENTED_EDGE('',*,*,#1059,.F.);
#1059 = EDGE_CURVE('',#73,#1052,#1060,.T.);
#1060 = LINE('',#1061,#1062);
#1061 = CARTESIAN_POINT('',(65.,-21.4,-12.4));
#1062 = VECTOR('',#1063,1.);
#1063 = DIRECTION('',(0.,0.,1.));
#1064 = ORIENTED_EDGE('',*,*,#72,.T.);
#1065 = PLANE('',#1066);
#1066 = AXIS2_PLACEMENT_3D('',#1067,#1068,#1069);
#1067 = CARTESIAN_POINT('',(65.,4.882505280077E-15,-1.7));
#1068 = DIRECTION('',(1.,0.,0.));
#1069 = DIRECTION('',(0.,0.,1.));
#1070 = ADVANCED_FACE('',(#1071),#1082,.T.);
#1071 = FACE_BOUND('',#1072,.T.);
#1072 = EDGE_LOOP('',(#1073,#1079,#1080,#1081));
#1073 = ORIENTED_EDGE('',*,*,#1074,.T.);
#1074 = EDGE_CURVE('',#758,#962,#1075,.T.);
#1075 = LINE('',#1076,#1077);
#1076 = CARTESIAN_POINT('',(-30.,-23.,-14.00000000001));
#1077 = VECTOR('',#1078,1.);
#1078 = DIRECTION('',(1.,0.,0.));
#1079 = ORIENTED_EDGE('',*,*,#961,.T.);
#1080 = ORIENTED_EDGE('',*,*,#96,.F.);
#1081 = ORIENTED_EDGE('',*,*,#766,.F.);
#1082 = PLANE('',#1083);
#1083 = AXIS2_PLACEMENT_3D('',#1084,#1085,#1086);
#1084 = CARTESIAN_POINT('',(-30.,-23.,-14.00000000001));
#1085 = DIRECTION('',(0.,-1.,0.));
#1086 = DIRECTION('',(0.,0.,1.));
#1087 = ADVANCED_FACE('',(#1088),#1106,.F.);
#1088 = FACE_BOUND('',#1089,.F.);
#1089 = EDGE_LOOP('',(#1090,#1091,#1097,#1098,#1099,#1100));
#1090 = ORIENTED_EDGE('',*,*,#789,.F.);
#1091 = ORIENTED_EDGE('',*,*,#1092,.T.);
#1092 = EDGE_CURVE('',#790,#946,#1093,.T.);
#1093 = LINE('',#1094,#1095);
#1094 = CARTESIAN_POINT('',(-30.,-21.4,-12.4));
#1095 = VECTOR('',#1096,1.);
#1096 = DIRECTION('',(1.,0.,0.));
#1097 = ORIENTED_EDGE('',*,*,#954,.F.);
#1098 = ORIENTED_EDGE('',*,*,#80,.T.);
#1099 = ORIENTED_EDGE('',*,*,#1059,.T.);
#1100 = ORIENTED_EDGE('',*,*,#1101,.F.);
#1101 = EDGE_CURVE('',#782,#1052,#1102,.T.);
#1102 = LINE('',#1103,#1104);
#1103 = CARTESIAN_POINT('',(-30.,-21.4,9.));
#1104 = VECTOR('',#1105,1.);
#1105 = DIRECTION('',(1.,0.,0.));
#1106 = PLANE('',#1107);
#1107 = AXIS2_PLACEMENT_3D('',#1108,#1109,#1110);
#1108 = CARTESIAN_POINT('',(-30.,-21.4,-12.4));
#1109 = DIRECTION('',(0.,-1.,0.));
#1110 = DIRECTION('',(0.,0.,1.));
#1111 = ADVANCED_FACE('',(#1112),#1131,.F.);
#1112 = FACE_BOUND('',#1113,.T.);
#1113 = EDGE_LOOP('',(#1114,#1122,#1129,#1130));
#1114 = ORIENTED_EDGE('',*,*,#1115,.T.);
#1115 = EDGE_CURVE('',#156,#1116,#1118,.T.);
#1116 = VERTEX_POINT('',#1117);
#1117 = CARTESIAN_POINT('',(-8.1,-44.,9.));
#1118 = LINE('',#1119,#1120);
#1119 = CARTESIAN_POINT('',(-8.1,-44.,4.));
#1120 = VECTOR('',#1121,1.);
#1121 = DIRECTION('',(0.,0.,1.));
#1122 = ORIENTED_EDGE('',*,*,#1123,.T.);
#1123 = EDGE_CURVE('',#1116,#1116,#1124,.T.);
#1124 = CIRCLE('',#1125,1.4);
#1125 = AXIS2_PLACEMENT_3D('',#1126,#1127,#1128);
#1126 = CARTESIAN_POINT('',(-9.5,-44.,9.));
#1127 = DIRECTION('',(0.,0.,1.));
#1128 = DIRECTION('',(1.,0.,0.));
#1129 = ORIENTED_EDGE('',*,*,#1115,.F.);
#1130 = ORIENTED_EDGE('',*,*,#155,.F.);
#1131 = CYLINDRICAL_SURFACE('',#1132,1.4);
#1132 = AXIS2_PLACEMENT_3D('',#1133,#1134,#1135);
#1133 = CARTESIAN_POINT('',(-9.5,-44.,4.));
#1134 = DIRECTION('',(-0.,-0.,-1.));
#1135 = DIRECTION('',(1.,0.,0.));
#1136 = ADVANCED_FACE('',(#1137),#1162,.F.);
#1137 = FACE_BOUND('',#1138,.F.);
#1138 = EDGE_LOOP('',(#1139,#1147,#1155,#1161));
#1139 = ORIENTED_EDGE('',*,*,#1140,.T.);
#1140 = EDGE_CURVE('',#167,#1141,#1143,.T.);
#1141 = VERTEX_POINT('',#1142);
#1142 = CARTESIAN_POINT('',(-11.35,-28.90192378864,5.5));
#1143 = LINE('',#1144,#1145);
#1144 = CARTESIAN_POINT('',(-11.35,-28.90192378864,4.));
#1145 = VECTOR('',#1146,1.);
#1146 = DIRECTION('',(0.,0.,1.));
#1147 = ORIENTED_EDGE('',*,*,#1148,.T.);
#1148 = EDGE_CURVE('',#1141,#1149,#1151,.T.);
#1149 = VERTEX_POINT('',#1150);
#1150 = CARTESIAN_POINT('',(-9.85,-31.5,5.5));
#1151 = LINE('',#1152,#1153);
#1152 = CARTESIAN_POINT('',(-11.35,-28.90192378864,5.5));
#1153 = VECTOR('',#1154,1.);
#1154 = DIRECTION('',(0.5,-0.866025403784,0.));
#1155 = ORIENTED_EDGE('',*,*,#1156,.F.);
#1156 = EDGE_CURVE('',#169,#1149,#1157,.T.);
#1157 = LINE('',#1158,#1159);
#1158 = CARTESIAN_POINT('',(-9.85,-31.5,4.));
#1159 = VECTOR('',#1160,1.);
#1160 = DIRECTION('',(0.,0.,1.));
#1161 = ORIENTED_EDGE('',*,*,#166,.F.);
#1162 = PLANE('',#1163);
#1163 = AXIS2_PLACEMENT_3D('',#1164,#1165,#1166);
#1164 = CARTESIAN_POINT('',(-11.35,-28.90192378864,4.));
#1165 = DIRECTION('',(0.866025403784,0.5,0.));
#1166 = DIRECTION('',(0.5,-0.866025403784,0.));
#1167 = ADVANCED_FACE('',(#1168),#1186,.F.);
#1168 = FACE_BOUND('',#1169,.F.);
#1169 = EDGE_LOOP('',(#1170,#1178,#1184,#1185));
#1170 = ORIENTED_EDGE('',*,*,#1171,.T.);
#1171 = EDGE_CURVE('',#201,#1172,#1174,.T.);
#1172 = VERTEX_POINT('',#1173);
#1173 = CARTESIAN_POINT('',(-14.35,-28.90192378864,5.5));
#1174 = LINE('',#1175,#1176);
#1175 = CARTESIAN_POINT('',(-14.35,-28.90192378864,4.));
#1176 = VECTOR('',#1177,1.);
#1177 = DIRECTION('',(0.,0.,1.));
#1178 = ORIENTED_EDGE('',*,*,#1179,.T.);
#1179 = EDGE_CURVE('',#1172,#1141,#1180,.T.);
#1180 = LINE('',#1181,#1182);
#1181 = CARTESIAN_POINT('',(-14.35,-28.90192378864,5.5));
#1182 = VECTOR('',#1183,1.);
#1183 = DIRECTION('',(1.,-3.5527136788E-15,0.));
#1184 = ORIENTED_EDGE('',*,*,#1140,.F.);
#1185 = ORIENTED_EDGE('',*,*,#208,.F.);
#1186 = PLANE('',#1187);
#1187 = AXIS2_PLACEMENT_3D('',#1188,#1189,#1190);
#1188 = CARTESIAN_POINT('',(-14.35,-28.90192378864,4.));
#1189 = DIRECTION('',(3.5527136788E-15,1.,0.));
#1190 = DIRECTION('',(1.,-3.5527136788E-15,0.));
#1191 = ADVANCED_FACE('',(#1192),#1210,.F.);
#1192 = FACE_BOUND('',#1193,.F.);
#1193 = EDGE_LOOP('',(#1194,#1202,#1208,#1209));
#1194 = ORIENTED_EDGE('',*,*,#1195,.T.);
#1195 = EDGE_CURVE('',#193,#1196,#1198,.T.);
#1196 = VERTEX_POINT('',#1197);
#1197 = CARTESIAN_POINT('',(-15.85,-31.5,5.5));
#1198 = LINE('',#1199,#1200);
#1199 = CARTESIAN_POINT('',(-15.85,-31.5,4.));
#1200 = VECTOR('',#1201,1.);
#1201 = DIRECTION('',(0.,0.,1.));
#1202 = ORIENTED_EDGE('',*,*,#1203,.T.);
#1203 = EDGE_CURVE('',#1196,#1172,#1204,.T.);
#1204 = LINE('',#1205,#1206);
#1205 = CARTESIAN_POINT('',(-15.85,-31.5,5.5));
#1206 = VECTOR('',#1207,1.);
#1207 = DIRECTION('',(0.5,0.866025403784,0.));
#1208 = ORIENTED_EDGE('',*,*,#1171,.F.);
#1209 = ORIENTED_EDGE('',*,*,#200,.F.);
#1210 = PLANE('',#1211);
#1211 = AXIS2_PLACEMENT_3D('',#1212,#1213,#1214);
#1212 = CARTESIAN_POINT('',(-15.85,-31.5,4.));
#1213 = DIRECTION('',(-0.866025403784,0.5,0.));
#1214 = DIRECTION('',(0.5,0.866025403784,0.));
#1215 = ADVANCED_FACE('',(#1216),#1234,.F.);
#1216 = FACE_BOUND('',#1217,.F.);
#1217 = EDGE_LOOP('',(#1218,#1226,#1232,#1233));
#1218 = ORIENTED_EDGE('',*,*,#1219,.T.);
#1219 = EDGE_CURVE('',#185,#1220,#1222,.T.);
#1220 = VERTEX_POINT('',#1221);
#1221 = CARTESIAN_POINT('',(-14.35,-34.09807621135,5.5));
#1222 = LINE('',#1223,#1224);
#1223 = CARTESIAN_POINT('',(-14.35,-34.09807621135,4.));
#1224 = VECTOR('',#1225,1.);
#1225 = DIRECTION('',(0.,0.,1.));
#1226 = ORIENTED_EDGE('',*,*,#1227,.T.);
#1227 = EDGE_CURVE('',#1220,#1196,#1228,.T.);
#1228 = LINE('',#1229,#1230);
#1229 = CARTESIAN_POINT('',(-14.35,-34.09807621135,5.5));
#1230 = VECTOR('',#1231,1.);
#1231 = DIRECTION('',(-0.5,0.866025403784,-0.));
#1232 = ORIENTED_EDGE('',*,*,#1195,.F.);
#1233 = ORIENTED_EDGE('',*,*,#192,.F.);
#1234 = PLANE('',#1235);
#1235 = AXIS2_PLACEMENT_3D('',#1236,#1237,#1238);
#1236 = CARTESIAN_POINT('',(-14.35,-34.09807621135,4.));
#1237 = DIRECTION('',(-0.866025403784,-0.5,0.));
#1238 = DIRECTION('',(-0.5,0.866025403784,0.));
#1239 = ADVANCED_FACE('',(#1240),#1258,.F.);
#1240 = FACE_BOUND('',#1241,.F.);
#1241 = EDGE_LOOP('',(#1242,#1250,#1256,#1257));
#1242 = ORIENTED_EDGE('',*,*,#1243,.T.);
#1243 = EDGE_CURVE('',#177,#1244,#1246,.T.);
#1244 = VERTEX_POINT('',#1245);
#1245 = CARTESIAN_POINT('',(-11.35,-34.09807621135,5.5));
#1246 = LINE('',#1247,#1248);
#1247 = CARTESIAN_POINT('',(-11.35,-34.09807621135,4.));
#1248 = VECTOR('',#1249,1.);
#1249 = DIRECTION('',(0.,0.,1.));
#1250 = ORIENTED_EDGE('',*,*,#1251,.T.);
#1251 = EDGE_CURVE('',#1244,#1220,#1252,.T.);
#1252 = LINE('',#1253,#1254);
#1253 = CARTESIAN_POINT('',(-11.35,-34.09807621135,5.5));
#1254 = VECTOR('',#1255,1.);
#1255 = DIRECTION('',(-1.,-7.105427357601E-15,0.));
#1256 = ORIENTED_EDGE('',*,*,#1219,.F.);
#1257 = ORIENTED_EDGE('',*,*,#184,.F.);
#1258 = PLANE('',#1259);
#1259 = AXIS2_PLACEMENT_3D('',#1260,#1261,#1262);
#1260 = CARTESIAN_POINT('',(-11.35,-34.09807621135,4.));
#1261 = DIRECTION('',(7.105427357601E-15,-1.,0.));
#1262 = DIRECTION('',(-1.,-7.105427357601E-15,0.));
#1263 = ADVANCED_FACE('',(#1264),#1275,.F.);
#1264 = FACE_BOUND('',#1265,.F.);
#1265 = EDGE_LOOP('',(#1266,#1267,#1273,#1274));
#1266 = ORIENTED_EDGE('',*,*,#1156,.T.);
#1267 = ORIENTED_EDGE('',*,*,#1268,.T.);
#1268 = EDGE_CURVE('',#1149,#1244,#1269,.T.);
#1269 = LINE('',#1270,#1271);
#1270 = CARTESIAN_POINT('',(-9.85,-31.5,5.5));
#1271 = VECTOR('',#1272,1.);
#1272 = DIRECTION('',(-0.5,-0.866025403784,0.));
#1273 = ORIENTED_EDGE('',*,*,#1243,.F.);
#1274 = ORIENTED_EDGE('',*,*,#176,.F.);
#1275 = PLANE('',#1276);
#1276 = AXIS2_PLACEMENT_3D('',#1277,#1278,#1279);
#1277 = CARTESIAN_POINT('',(-9.85,-31.5,4.));
#1278 = DIRECTION('',(0.866025403784,-0.5,0.));
#1279 = DIRECTION('',(-0.5,-0.866025403784,0.));
#1280 = ADVANCED_FACE('',(#1281),#1306,.T.);
#1281 = FACE_BOUND('',#1282,.T.);
#1282 = EDGE_LOOP('',(#1283,#1291,#1299,#1305));
#1283 = ORIENTED_EDGE('',*,*,#1284,.T.);
#1284 = EDGE_CURVE('',#217,#1285,#1287,.T.);
#1285 = VERTEX_POINT('',#1286);
#1286 = CARTESIAN_POINT('',(-9.,-25.,9.));
#1287 = LINE('',#1288,#1289);
#1288 = CARTESIAN_POINT('',(-9.,-25.,4.));
#1289 = VECTOR('',#1290,1.);
#1290 = DIRECTION('',(0.,0.,1.));
#1291 = ORIENTED_EDGE('',*,*,#1292,.T.);
#1292 = EDGE_CURVE('',#1285,#1293,#1295,.T.);
#1293 = VERTEX_POINT('',#1294);
#1294 = CARTESIAN_POINT('',(-9.,-33.,9.));
#1295 = LINE('',#1296,#1297);
#1296 = CARTESIAN_POINT('',(-9.,-25.,9.));
#1297 = VECTOR('',#1298,1.);
#1298 = DIRECTION('',(0.,-1.,0.));
#1299 = ORIENTED_EDGE('',*,*,#1300,.F.);
#1300 = EDGE_CURVE('',#219,#1293,#1301,.T.);
#1301 = LINE('',#1302,#1303);
#1302 = CARTESIAN_POINT('',(-9.,-33.,4.));
#1303 = VECTOR('',#1304,1.);
#1304 = DIRECTION('',(0.,0.,1.));
#1305 = ORIENTED_EDGE('',*,*,#216,.F.);
#1306 = PLANE('',#1307);
#1307 = AXIS2_PLACEMENT_3D('',#1308,#1309,#1310);
#1308 = CARTESIAN_POINT('',(-9.,-25.,4.));
#1309 = DIRECTION('',(1.,0.,0.));
#1310 = DIRECTION('',(0.,-1.,0.));
#1311 = ADVANCED_FACE('',(#1312),#1331,.F.);
#1312 = FACE_BOUND('',#1313,.T.);
#1313 = EDGE_LOOP('',(#1314,#1322,#1329,#1330));
#1314 = ORIENTED_EDGE('',*,*,#1315,.T.);
#1315 = EDGE_CURVE('',#227,#1316,#1318,.T.);
#1316 = VERTEX_POINT('',#1317);
#1317 = CARTESIAN_POINT('',(-8.,-24.,9.));
#1318 = LINE('',#1319,#1320);
#1319 = CARTESIAN_POINT('',(-8.,-24.,4.));
#1320 = VECTOR('',#1321,1.);
#1321 = DIRECTION('',(0.,0.,1.));
#1322 = ORIENTED_EDGE('',*,*,#1323,.T.);
#1323 = EDGE_CURVE('',#1316,#1285,#1324,.T.);
#1324 = CIRCLE('',#1325,1.);
#1325 = AXIS2_PLACEMENT_3D('',#1326,#1327,#1328);
#1326 = CARTESIAN_POINT('',(-8.,-25.,9.));
#1327 = DIRECTION('',(0.,0.,1.));
#1328 = DIRECTION('',(1.,0.,0.));
#1329 = ORIENTED_EDGE('',*,*,#1284,.F.);
#1330 = ORIENTED_EDGE('',*,*,#226,.F.);
#1331 = CYLINDRICAL_SURFACE('',#1332,1.);
#1332 = AXIS2_PLACEMENT_3D('',#1333,#1334,#1335);
#1333 = CARTESIAN_POINT('',(-8.,-25.,4.));
#1334 = DIRECTION('',(-0.,-0.,-1.));
#1335 = DIRECTION('',(1.,0.,0.));
#1336 = ADVANCED_FACE('',(#1337),#1356,.F.);
#1337 = FACE_BOUND('',#1338,.T.);
#1338 = EDGE_LOOP('',(#1339,#1340,#1349,#1355));
#1339 = ORIENTED_EDGE('',*,*,#1300,.T.);
#1340 = ORIENTED_EDGE('',*,*,#1341,.T.);
#1341 = EDGE_CURVE('',#1293,#1342,#1344,.T.);
#1342 = VERTEX_POINT('',#1343);
#1343 = CARTESIAN_POINT('',(-8.,-34.,9.));
#1344 = CIRCLE('',#1345,1.);
#1345 = AXIS2_PLACEMENT_3D('',#1346,#1347,#1348);
#1346 = CARTESIAN_POINT('',(-8.,-33.,9.));
#1347 = DIRECTION('',(0.,0.,1.));
#1348 = DIRECTION('',(1.,0.,0.));
#1349 = ORIENTED_EDGE('',*,*,#1350,.F.);
#1350 = EDGE_CURVE('',#270,#1342,#1351,.T.);
#1351 = LINE('',#1352,#1353);
#1352 = CARTESIAN_POINT('',(-8.,-34.,4.));
#1353 = VECTOR('',#1354,1.);
#1354 = DIRECTION('',(0.,0.,1.));
#1355 = ORIENTED_EDGE('',*,*,#277,.F.);
#1356 = CYLINDRICAL_SURFACE('',#1357,1.);
#1357 = AXIS2_PLACEMENT_3D('',#1358,#1359,#1360);
#1358 = CARTESIAN_POINT('',(-8.,-33.,4.));
#1359 = DIRECTION('',(-0.,-0.,-1.));
#1360 = DIRECTION('',(1.,0.,0.));
#1361 = ADVANCED_FACE('',(#1362),#1380,.T.);
#1362 = FACE_BOUND('',#1363,.T.);
#1363 = EDGE_LOOP('',(#1364,#1372,#1378,#1379));
#1364 = ORIENTED_EDGE('',*,*,#1365,.T.);
#1365 = EDGE_CURVE('',#236,#1366,#1368,.T.);
#1366 = VERTEX_POINT('',#1367);
#1367 = CARTESIAN_POINT('',(8.,-24.,9.));
#1368 = LINE('',#1369,#1370);
#1369 = CARTESIAN_POINT('',(8.,-24.,4.));
#1370 = VECTOR('',#1371,1.);
#1371 = DIRECTION('',(0.,0.,1.));
#1372 = ORIENTED_EDGE('',*,*,#1373,.T.);
#1373 = EDGE_CURVE('',#1366,#1316,#1374,.T.);
#1374 = LINE('',#1375,#1376);
#1375 = CARTESIAN_POINT('',(8.,-24.,9.));
#1376 = VECTOR('',#1377,1.);
#1377 = DIRECTION('',(-1.,0.,0.));
#1378 = ORIENTED_EDGE('',*,*,#1315,.F.);
#1379 = ORIENTED_EDGE('',*,*,#235,.F.);
#1380 = PLANE('',#1381);
#1381 = AXIS2_PLACEMENT_3D('',#1382,#1383,#1384);
#1382 = CARTESIAN_POINT('',(8.,-24.,4.));
#1383 = DIRECTION('',(0.,-1.,0.));
#1384 = DIRECTION('',(-1.,0.,0.));
#1385 = ADVANCED_FACE('',(#1386),#1404,.T.);
#1386 = FACE_BOUND('',#1387,.T.);
#1387 = EDGE_LOOP('',(#1388,#1389,#1397,#1403));
#1388 = ORIENTED_EDGE('',*,*,#1350,.T.);
#1389 = ORIENTED_EDGE('',*,*,#1390,.T.);
#1390 = EDGE_CURVE('',#1342,#1391,#1393,.T.);
#1391 = VERTEX_POINT('',#1392);
#1392 = CARTESIAN_POINT('',(8.,-34.,9.));
#1393 = LINE('',#1394,#1395);
#1394 = CARTESIAN_POINT('',(-8.,-34.,9.));
#1395 = VECTOR('',#1396,1.);
#1396 = DIRECTION('',(1.,0.,0.));
#1397 = ORIENTED_EDGE('',*,*,#1398,.F.);
#1398 = EDGE_CURVE('',#261,#1391,#1399,.T.);
#1399 = LINE('',#1400,#1401);
#1400 = CARTESIAN_POINT('',(8.,-34.,4.));
#1401 = VECTOR('',#1402,1.);
#1402 = DIRECTION('',(0.,0.,1.));
#1403 = ORIENTED_EDGE('',*,*,#269,.F.);
#1404 = PLANE('',#1405);
#1405 = AXIS2_PLACEMENT_3D('',#1406,#1407,#1408);
#1406 = CARTESIAN_POINT('',(-8.,-34.,4.));
#1407 = DIRECTION('',(0.,1.,0.));
#1408 = DIRECTION('',(1.,0.,0.));
#1409 = ADVANCED_FACE('',(#1410),#1429,.F.);
#1410 = FACE_BOUND('',#1411,.T.);
#1411 = EDGE_LOOP('',(#1412,#1420,#1427,#1428));
#1412 = ORIENTED_EDGE('',*,*,#1413,.T.);
#1413 = EDGE_CURVE('',#244,#1414,#1416,.T.);
#1414 = VERTEX_POINT('',#1415);
#1415 = CARTESIAN_POINT('',(9.,-25.,9.));
#1416 = LINE('',#1417,#1418);
#1417 = CARTESIAN_POINT('',(9.,-25.,4.));
#1418 = VECTOR('',#1419,1.);
#1419 = DIRECTION('',(0.,0.,1.));
#1420 = ORIENTED_EDGE('',*,*,#1421,.T.);
#1421 = EDGE_CURVE('',#1414,#1366,#1422,.T.);
#1422 = CIRCLE('',#1423,1.);
#1423 = AXIS2_PLACEMENT_3D('',#1424,#1425,#1426);
#1424 = CARTESIAN_POINT('',(8.,-25.,9.));
#1425 = DIRECTION('',(0.,0.,1.));
#1426 = DIRECTION('',(1.,0.,0.));
#1427 = ORIENTED_EDGE('',*,*,#1365,.F.);
#1428 = ORIENTED_EDGE('',*,*,#243,.F.);
#1429 = CYLINDRICAL_SURFACE('',#1430,1.);
#1430 = AXIS2_PLACEMENT_3D('',#1431,#1432,#1433);
#1431 = CARTESIAN_POINT('',(8.,-25.,4.));
#1432 = DIRECTION('',(-0.,-0.,-1.));
#1433 = DIRECTION('',(1.,0.,0.));
#1434 = ADVANCED_FACE('',(#1435),#1454,.F.);
#1435 = FACE_BOUND('',#1436,.T.);
#1436 = EDGE_LOOP('',(#1437,#1438,#1447,#1453));
#1437 = ORIENTED_EDGE('',*,*,#1398,.T.);
#1438 = ORIENTED_EDGE('',*,*,#1439,.T.);
#1439 = EDGE_CURVE('',#1391,#1440,#1442,.T.);
#1440 = VERTEX_POINT('',#1441);
#1441 = CARTESIAN_POINT('',(9.,-33.,9.));
#1442 = CIRCLE('',#1443,1.);
#1443 = AXIS2_PLACEMENT_3D('',#1444,#1445,#1446);
#1444 = CARTESIAN_POINT('',(8.,-33.,9.));
#1445 = DIRECTION('',(0.,0.,1.));
#1446 = DIRECTION('',(1.,0.,0.));
#1447 = ORIENTED_EDGE('',*,*,#1448,.F.);
#1448 = EDGE_CURVE('',#253,#1440,#1449,.T.);
#1449 = LINE('',#1450,#1451);
#1450 = CARTESIAN_POINT('',(9.,-33.,4.));
#1451 = VECTOR('',#1452,1.);
#1452 = DIRECTION('',(0.,0.,1.));
#1453 = ORIENTED_EDGE('',*,*,#260,.F.);
#1454 = CYLINDRICAL_SURFACE('',#1455,1.);
#1455 = AXIS2_PLACEMENT_3D('',#1456,#1457,#1458);
#1456 = CARTESIAN_POINT('',(8.,-33.,4.));
#1457 = DIRECTION('',(-0.,-0.,-1.));
#1458 = DIRECTION('',(1.,0.,0.));
#1459 = ADVANCED_FACE('',(#1460),#1471,.T.);
#1460 = FACE_BOUND('',#1461,.T.);
#1461 = EDGE_LOOP('',(#1462,#1463,#1469,#1470));
#1462 = ORIENTED_EDGE('',*,*,#1448,.T.);
#1463 = ORIENTED_EDGE('',*,*,#1464,.T.);
#1464 = EDGE_CURVE('',#1440,#1414,#1465,.T.);
#1465 = LINE('',#1466,#1467);
#1466 = CARTESIAN_POINT('',(9.,-33.,9.));
#1467 = VECTOR('',#1468,1.);
#1468 = DIRECTION('',(0.,1.,0.));
#1469 = ORIENTED_EDGE('',*,*,#1413,.F.);
#1470 = ORIENTED_EDGE('',*,*,#252,.F.);
#1471 = PLANE('',#1472);
#1472 = AXIS2_PLACEMENT_3D('',#1473,#1474,#1475);
#1473 = CARTESIAN_POINT('',(9.,-33.,4.));
#1474 = DIRECTION('',(-1.,0.,0.));
#1475 = DIRECTION('',(0.,1.,0.));
#1476 = ADVANCED_FACE('',(#1477),#1496,.F.);
#1477 = FACE_BOUND('',#1478,.T.);
#1478 = EDGE_LOOP('',(#1479,#1487,#1494,#1495));
#1479 = ORIENTED_EDGE('',*,*,#1480,.T.);
#1480 = EDGE_CURVE('',#287,#1481,#1483,.T.);
#1481 = VERTEX_POINT('',#1482);
#1482 = CARTESIAN_POINT('',(10.9,-44.,9.));
#1483 = LINE('',#1484,#1485);
#1484 = CARTESIAN_POINT('',(10.9,-44.,4.));
#1485 = VECTOR('',#1486,1.);
#1486 = DIRECTION('',(0.,0.,1.));
#1487 = ORIENTED_EDGE('',*,*,#1488,.T.);
#1488 = EDGE_CURVE('',#1481,#1481,#1489,.T.);
#1489 = CIRCLE('',#1490,1.4);
#1490 = AXIS2_PLACEMENT_3D('',#1491,#1492,#1493);
#1491 = CARTESIAN_POINT('',(9.5,-44.,9.));
#1492 = DIRECTION('',(0.,0.,1.));
#1493 = DIRECTION('',(1.,0.,0.));
#1494 = ORIENTED_EDGE('',*,*,#1480,.F.);
#1495 = ORIENTED_EDGE('',*,*,#286,.F.);
#1496 = CYLINDRICAL_SURFACE('',#1497,1.4);
#1497 = AXIS2_PLACEMENT_3D('',#1498,#1499,#1500);
#1498 = CARTESIAN_POINT('',(9.5,-44.,4.));
#1499 = DIRECTION('',(-0.,-0.,-1.));
#1500 = DIRECTION('',(1.,0.,0.));
#1501 = ADVANCED_FACE('',(#1502),#1527,.F.);
#1502 = FACE_BOUND('',#1503,.F.);
#1503 = EDGE_LOOP('',(#1504,#1512,#1520,#1526));
#1504 = ORIENTED_EDGE('',*,*,#1505,.T.);
#1505 = EDGE_CURVE('',#298,#1506,#1508,.T.);
#1506 = VERTEX_POINT('',#1507);
#1507 = CARTESIAN_POINT('',(37.65,-28.90192378864,5.5));
#1508 = LINE('',#1509,#1510);
#1509 = CARTESIAN_POINT('',(37.65,-28.90192378864,4.));
#1510 = VECTOR('',#1511,1.);
#1511 = DIRECTION('',(0.,0.,1.));
#1512 = ORIENTED_EDGE('',*,*,#1513,.T.);
#1513 = EDGE_CURVE('',#1506,#1514,#1516,.T.);
#1514 = VERTEX_POINT('',#1515);
#1515 = CARTESIAN_POINT('',(39.15,-31.5,5.5));
#1516 = LINE('',#1517,#1518);
#1517 = CARTESIAN_POINT('',(37.65,-28.90192378864,5.5));
#1518 = VECTOR('',#1519,1.);
#1519 = DIRECTION('',(0.5,-0.866025403784,0.));
#1520 = ORIENTED_EDGE('',*,*,#1521,.F.);
#1521 = EDGE_CURVE('',#300,#1514,#1522,.T.);
#1522 = LINE('',#1523,#1524);
#1523 = CARTESIAN_POINT('',(39.15,-31.5,4.));
#1524 = VECTOR('',#1525,1.);
#1525 = DIRECTION('',(0.,0.,1.));
#1526 = ORIENTED_EDGE('',*,*,#297,.F.);
#1527 = PLANE('',#1528);
#1528 = AXIS2_PLACEMENT_3D('',#1529,#1530,#1531);
#1529 = CARTESIAN_POINT('',(37.65,-28.90192378864,4.));
#1530 = DIRECTION('',(0.866025403784,0.5,0.));
#1531 = DIRECTION('',(0.5,-0.866025403784,0.));
#1532 = ADVANCED_FACE('',(#1533),#1551,.F.);
#1533 = FACE_BOUND('',#1534,.F.);
#1534 = EDGE_LOOP('',(#1535,#1543,#1549,#1550));
#1535 = ORIENTED_EDGE('',*,*,#1536,.T.);
#1536 = EDGE_CURVE('',#332,#1537,#1539,.T.);
#1537 = VERTEX_POINT('',#1538);
#1538 = CARTESIAN_POINT('',(34.65,-28.90192378864,5.5));
#1539 = LINE('',#1540,#1541);
#1540 = CARTESIAN_POINT('',(34.65,-28.90192378864,4.));
#1541 = VECTOR('',#1542,1.);
#1542 = DIRECTION('',(0.,0.,1.));
#1543 = ORIENTED_EDGE('',*,*,#1544,.T.);
#1544 = EDGE_CURVE('',#1537,#1506,#1545,.T.);
#1545 = LINE('',#1546,#1547);
#1546 = CARTESIAN_POINT('',(34.65,-28.90192378864,5.5));
#1547 = VECTOR('',#1548,1.);
#1548 = DIRECTION('',(1.,0.,0.));
#1549 = ORIENTED_EDGE('',*,*,#1505,.F.);
#1550 = ORIENTED_EDGE('',*,*,#339,.F.);
#1551 = PLANE('',#1552);
#1552 = AXIS2_PLACEMENT_3D('',#1553,#1554,#1555);
#1553 = CARTESIAN_POINT('',(34.65,-28.90192378864,4.));
#1554 = DIRECTION('',(0.,1.,0.));
#1555 = DIRECTION('',(1.,0.,0.));
#1556 = ADVANCED_FACE('',(#1557),#1575,.F.);
#1557 = FACE_BOUND('',#1558,.F.);
#1558 = EDGE_LOOP('',(#1559,#1567,#1573,#1574));
#1559 = ORIENTED_EDGE('',*,*,#1560,.T.);
#1560 = EDGE_CURVE('',#324,#1561,#1563,.T.);
#1561 = VERTEX_POINT('',#1562);
#1562 = CARTESIAN_POINT('',(33.15,-31.5,5.5));
#1563 = LINE('',#1564,#1565);
#1564 = CARTESIAN_POINT('',(33.15,-31.5,4.));
#1565 = VECTOR('',#1566,1.);
#1566 = DIRECTION('',(0.,0.,1.));
#1567 = ORIENTED_EDGE('',*,*,#1568,.T.);
#1568 = EDGE_CURVE('',#1561,#1537,#1569,.T.);
#1569 = LINE('',#1570,#1571);
#1570 = CARTESIAN_POINT('',(33.15,-31.5,5.5));
#1571 = VECTOR('',#1572,1.);
#1572 = DIRECTION('',(0.5,0.866025403784,0.));
#1573 = ORIENTED_EDGE('',*,*,#1536,.F.);
#1574 = ORIENTED_EDGE('',*,*,#331,.F.);
#1575 = PLANE('',#1576);
#1576 = AXIS2_PLACEMENT_3D('',#1577,#1578,#1579);
#1577 = CARTESIAN_POINT('',(33.15,-31.5,4.));
#1578 = DIRECTION('',(-0.866025403784,0.5,0.));
#1579 = DIRECTION('',(0.5,0.866025403784,0.));
#1580 = ADVANCED_FACE('',(#1581),#1599,.F.);
#1581 = FACE_BOUND('',#1582,.F.);
#1582 = EDGE_LOOP('',(#1583,#1591,#1597,#1598));
#1583 = ORIENTED_EDGE('',*,*,#1584,.T.);
#1584 = EDGE_CURVE('',#316,#1585,#1587,.T.);
#1585 = VERTEX_POINT('',#1586);
#1586 = CARTESIAN_POINT('',(34.65,-34.09807621135,5.5));
#1587 = LINE('',#1588,#1589);
#1588 = CARTESIAN_POINT('',(34.65,-34.09807621135,4.));
#1589 = VECTOR('',#1590,1.);
#1590 = DIRECTION('',(0.,0.,1.));
#1591 = ORIENTED_EDGE('',*,*,#1592,.T.);
#1592 = EDGE_CURVE('',#1585,#1561,#1593,.T.);
#1593 = LINE('',#1594,#1595);
#1594 = CARTESIAN_POINT('',(34.65,-34.09807621135,5.5));
#1595 = VECTOR('',#1596,1.);
#1596 = DIRECTION('',(-0.5,0.866025403784,-0.));
#1597 = ORIENTED_EDGE('',*,*,#1560,.F.);
#1598 = ORIENTED_EDGE('',*,*,#323,.F.);
#1599 = PLANE('',#1600);
#1600 = AXIS2_PLACEMENT_3D('',#1601,#1602,#1603);
#1601 = CARTESIAN_POINT('',(34.65,-34.09807621135,4.));
#1602 = DIRECTION('',(-0.866025403784,-0.5,0.));
#1603 = DIRECTION('',(-0.5,0.866025403784,0.));
#1604 = ADVANCED_FACE('',(#1605),#1623,.F.);
#1605 = FACE_BOUND('',#1606,.F.);
#1606 = EDGE_LOOP('',(#1607,#1615,#1621,#1622));
#1607 = ORIENTED_EDGE('',*,*,#1608,.T.);
#1608 = EDGE_CURVE('',#308,#1609,#1611,.T.);
#1609 = VERTEX_POINT('',#1610);
#1610 = CARTESIAN_POINT('',(37.65,-34.09807621135,5.5));
#1611 = LINE('',#1612,#1613);
#1612 = CARTESIAN_POINT('',(37.65,-34.09807621135,4.));
#1613 = VECTOR('',#1614,1.);
#1614 = DIRECTION('',(0.,0.,1.));
#1615 = ORIENTED_EDGE('',*,*,#1616,.T.);
#1616 = EDGE_CURVE('',#1609,#1585,#1617,.T.);
#1617 = LINE('',#1618,#1619);
#1618 = CARTESIAN_POINT('',(37.65,-34.09807621135,5.5));
#1619 = VECTOR('',#1620,1.);
#1620 = DIRECTION('',(-1.,0.,0.));
#1621 = ORIENTED_EDGE('',*,*,#1584,.F.);
#1622 = ORIENTED_EDGE('',*,*,#315,.F.);
#1623 = PLANE('',#1624);
#1624 = AXIS2_PLACEMENT_3D('',#1625,#1626,#1627);
#1625 = CARTESIAN_POINT('',(37.65,-34.09807621135,4.));
#1626 = DIRECTION('',(0.,-1.,0.));
#1627 = DIRECTION('',(-1.,0.,0.));
#1628 = ADVANCED_FACE('',(#1629),#1640,.F.);
#1629 = FACE_BOUND('',#1630,.F.);
#1630 = EDGE_LOOP('',(#1631,#1632,#1638,#1639));
#1631 = ORIENTED_EDGE('',*,*,#1521,.T.);
#1632 = ORIENTED_EDGE('',*,*,#1633,.T.);
#1633 = EDGE_CURVE('',#1514,#1609,#1634,.T.);
#1634 = LINE('',#1635,#1636);
#1635 = CARTESIAN_POINT('',(39.15,-31.5,5.5));
#1636 = VECTOR('',#1637,1.);
#1637 = DIRECTION('',(-0.5,-0.866025403784,0.));
#1638 = ORIENTED_EDGE('',*,*,#1608,.F.);
#1639 = ORIENTED_EDGE('',*,*,#307,.F.);
#1640 = PLANE('',#1641);
#1641 = AXIS2_PLACEMENT_3D('',#1642,#1643,#1644);
#1642 = CARTESIAN_POINT('',(39.15,-31.5,4.));
#1643 = DIRECTION('',(0.866025403784,-0.5,0.));
#1644 = DIRECTION('',(-0.5,-0.866025403784,0.));
#1645 = ADVANCED_FACE('',(#1646),#1665,.F.);
#1646 = FACE_BOUND('',#1647,.T.);
#1647 = EDGE_LOOP('',(#1648,#1649,#1657,#1664));
#1648 = ORIENTED_EDGE('',*,*,#347,.F.);
#1649 = ORIENTED_EDGE('',*,*,#1650,.T.);
#1650 = EDGE_CURVE('',#348,#1651,#1653,.T.);
#1651 = VERTEX_POINT('',#1652);
#1652 = CARTESIAN_POINT('',(74.25,-15.,6.));
#1653 = LINE('',#1654,#1655);
#1654 = CARTESIAN_POINT('',(74.25,-15.,4.));
#1655 = VECTOR('',#1656,1.);
#1656 = DIRECTION('',(0.,0.,1.));
#1657 = ORIENTED_EDGE('',*,*,#1658,.F.);
#1658 = EDGE_CURVE('',#1651,#1651,#1659,.T.);
#1659 = CIRCLE('',#1660,1.75);
#1660 = AXIS2_PLACEMENT_3D('',#1661,#1662,#1663);
#1661 = CARTESIAN_POINT('',(72.5,-15.,6.));
#1662 = DIRECTION('',(0.,0.,-1.));
#1663 = DIRECTION('',(1.,0.,0.));
#1664 = ORIENTED_EDGE('',*,*,#1650,.F.);
#1665 = CYLINDRICAL_SURFACE('',#1666,1.75);
#1666 = AXIS2_PLACEMENT_3D('',#1667,#1668,#1669);
#1667 = CARTESIAN_POINT('',(72.5,-15.,4.));
#1668 = DIRECTION('',(-0.,-0.,-1.));
#1669 = DIRECTION('',(1.,0.,0.));
#1670 = ADVANCED_FACE('',(#1671),#1690,.F.);
#1671 = FACE_BOUND('',#1672,.T.);
#1672 = EDGE_LOOP('',(#1673,#1674,#1682,#1689));
#1673 = ORIENTED_EDGE('',*,*,#358,.F.);
#1674 = ORIENTED_EDGE('',*,*,#1675,.T.);
#1675 = EDGE_CURVE('',#359,#1676,#1678,.T.);
#1676 = VERTEX_POINT('',#1677);
#1677 = CARTESIAN_POINT('',(94.25,-15.,6.));
#1678 = LINE('',#1679,#1680);
#1679 = CARTESIAN_POINT('',(94.25,-15.,4.));
#1680 = VECTOR('',#1681,1.);
#1681 = DIRECTION('',(0.,0.,1.));
#1682 = ORIENTED_EDGE('',*,*,#1683,.F.);
#1683 = EDGE_CURVE('',#1676,#1676,#1684,.T.);
#1684 = CIRCLE('',#1685,1.75);
#1685 = AXIS2_PLACEMENT_3D('',#1686,#1687,#1688);
#1686 = CARTESIAN_POINT('',(92.5,-15.,6.));
#1687 = DIRECTION('',(0.,0.,-1.));
#1688 = DIRECTION('',(1.,0.,0.));
#1689 = ORIENTED_EDGE('',*,*,#1675,.F.);
#1690 = CYLINDRICAL_SURFACE('',#1691,1.75);
#1691 = AXIS2_PLACEMENT_3D('',#1692,#1693,#1694);
#1692 = CARTESIAN_POINT('',(92.5,-15.,4.));
#1693 = DIRECTION('',(-0.,-0.,-1.));
#1694 = DIRECTION('',(1.,0.,0.));
#1695 = ADVANCED_FACE('',(#1696),#1721,.F.);
#1696 = FACE_BOUND('',#1697,.F.);
#1697 = EDGE_LOOP('',(#1698,#1706,#1714,#1720));
#1698 = ORIENTED_EDGE('',*,*,#1699,.T.);
#1699 = EDGE_CURVE('',#370,#1700,#1702,.T.);
#1700 = VERTEX_POINT('',#1701);
#1701 = CARTESIAN_POINT('',(-11.35,29.098076211353,5.5));
#1702 = LINE('',#1703,#1704);
#1703 = CARTESIAN_POINT('',(-11.35,29.098076211353,4.));
#1704 = VECTOR('',#1705,1.);
#1705 = DIRECTION('',(0.,0.,1.));
#1706 = ORIENTED_EDGE('',*,*,#1707,.T.);
#1707 = EDGE_CURVE('',#1700,#1708,#1710,.T.);
#1708 = VERTEX_POINT('',#1709);
#1709 = CARTESIAN_POINT('',(-9.85,26.5,5.5));
#1710 = LINE('',#1711,#1712);
#1711 = CARTESIAN_POINT('',(-11.35,29.098076211353,5.5));
#1712 = VECTOR('',#1713,1.);
#1713 = DIRECTION('',(0.5,-0.866025403784,0.));
#1714 = ORIENTED_EDGE('',*,*,#1715,.F.);
#1715 = EDGE_CURVE('',#372,#1708,#1716,.T.);
#1716 = LINE('',#1717,#1718);
#1717 = CARTESIAN_POINT('',(-9.85,26.5,4.));
#1718 = VECTOR('',#1719,1.);
#1719 = DIRECTION('',(0.,0.,1.));
#1720 = ORIENTED_EDGE('',*,*,#369,.F.);
#1721 = PLANE('',#1722);
#1722 = AXIS2_PLACEMENT_3D('',#1723,#1724,#1725);
#1723 = CARTESIAN_POINT('',(-11.35,29.098076211353,4.));
#1724 = DIRECTION('',(0.866025403784,0.5,0.));
#1725 = DIRECTION('',(0.5,-0.866025403784,0.));
#1726 = ADVANCED_FACE('',(#1727),#1745,.F.);
#1727 = FACE_BOUND('',#1728,.F.);
#1728 = EDGE_LOOP('',(#1729,#1737,#1743,#1744));
#1729 = ORIENTED_EDGE('',*,*,#1730,.T.);
#1730 = EDGE_CURVE('',#404,#1731,#1733,.T.);
#1731 = VERTEX_POINT('',#1732);
#1732 = CARTESIAN_POINT('',(-14.35,29.098076211353,5.5));
#1733 = LINE('',#1734,#1735);
#1734 = CARTESIAN_POINT('',(-14.35,29.098076211353,4.));
#1735 = VECTOR('',#1736,1.);
#1736 = DIRECTION('',(0.,0.,1.));
#1737 = ORIENTED_EDGE('',*,*,#1738,.T.);
#1738 = EDGE_CURVE('',#1731,#1700,#1739,.T.);
#1739 = LINE('',#1740,#1741);
#1740 = CARTESIAN_POINT('',(-14.35,29.098076211353,5.5));
#1741 = VECTOR('',#1742,1.);
#1742 = DIRECTION('',(1.,-1.184237892934E-15,0.));
#1743 = ORIENTED_EDGE('',*,*,#1699,.F.);
#1744 = ORIENTED_EDGE('',*,*,#411,.F.);
#1745 = PLANE('',#1746);
#1746 = AXIS2_PLACEMENT_3D('',#1747,#1748,#1749);
#1747 = CARTESIAN_POINT('',(-14.35,29.098076211353,4.));
#1748 = DIRECTION('',(1.184237892934E-15,1.,0.));
#1749 = DIRECTION('',(1.,-1.184237892934E-15,0.));
#1750 = ADVANCED_FACE('',(#1751),#1769,.F.);
#1751 = FACE_BOUND('',#1752,.F.);
#1752 = EDGE_LOOP('',(#1753,#1761,#1767,#1768));
#1753 = ORIENTED_EDGE('',*,*,#1754,.T.);
#1754 = EDGE_CURVE('',#396,#1755,#1757,.T.);
#1755 = VERTEX_POINT('',#1756);
#1756 = CARTESIAN_POINT('',(-15.85,26.5,5.5));
#1757 = LINE('',#1758,#1759);
#1758 = CARTESIAN_POINT('',(-15.85,26.5,4.));
#1759 = VECTOR('',#1760,1.);
#1760 = DIRECTION('',(0.,0.,1.));
#1761 = ORIENTED_EDGE('',*,*,#1762,.T.);
#1762 = EDGE_CURVE('',#1755,#1731,#1763,.T.);
#1763 = LINE('',#1764,#1765);
#1764 = CARTESIAN_POINT('',(-15.85,26.5,5.5));
#1765 = VECTOR('',#1766,1.);
#1766 = DIRECTION('',(0.5,0.866025403784,0.));
#1767 = ORIENTED_EDGE('',*,*,#1730,.F.);
#1768 = ORIENTED_EDGE('',*,*,#403,.F.);
#1769 = PLANE('',#1770);
#1770 = AXIS2_PLACEMENT_3D('',#1771,#1772,#1773);
#1771 = CARTESIAN_POINT('',(-15.85,26.5,4.));
#1772 = DIRECTION('',(-0.866025403784,0.5,0.));
#1773 = DIRECTION('',(0.5,0.866025403784,0.));
#1774 = ADVANCED_FACE('',(#1775),#1793,.F.);
#1775 = FACE_BOUND('',#1776,.F.);
#1776 = EDGE_LOOP('',(#1777,#1785,#1791,#1792));
#1777 = ORIENTED_EDGE('',*,*,#1778,.T.);
#1778 = EDGE_CURVE('',#388,#1779,#1781,.T.);
#1779 = VERTEX_POINT('',#1780);
#1780 = CARTESIAN_POINT('',(-14.35,23.901923788647,5.5));
#1781 = LINE('',#1782,#1783);
#1782 = CARTESIAN_POINT('',(-14.35,23.901923788647,4.));
#1783 = VECTOR('',#1784,1.);
#1784 = DIRECTION('',(0.,0.,1.));
#1785 = ORIENTED_EDGE('',*,*,#1786,.T.);
#1786 = EDGE_CURVE('',#1779,#1755,#1787,.T.);
#1787 = LINE('',#1788,#1789);
#1788 = CARTESIAN_POINT('',(-14.35,23.901923788647,5.5));
#1789 = VECTOR('',#1790,1.);
#1790 = DIRECTION('',(-0.5,0.866025403784,-0.));
#1791 = ORIENTED_EDGE('',*,*,#1754,.F.);
#1792 = ORIENTED_EDGE('',*,*,#395,.F.);
#1793 = PLANE('',#1794);
#1794 = AXIS2_PLACEMENT_3D('',#1795,#1796,#1797);
#1795 = CARTESIAN_POINT('',(-14.35,23.901923788647,4.));
#1796 = DIRECTION('',(-0.866025403784,-0.5,0.));
#1797 = DIRECTION('',(-0.5,0.866025403784,0.));
#1798 = ADVANCED_FACE('',(#1799),#1817,.F.);
#1799 = FACE_BOUND('',#1800,.F.);
#1800 = EDGE_LOOP('',(#1801,#1809,#1815,#1816));
#1801 = ORIENTED_EDGE('',*,*,#1802,.T.);
#1802 = EDGE_CURVE('',#380,#1803,#1805,.T.);
#1803 = VERTEX_POINT('',#1804);
#1804 = CARTESIAN_POINT('',(-11.35,23.901923788647,5.5));
#1805 = LINE('',#1806,#1807);
#1806 = CARTESIAN_POINT('',(-11.35,23.901923788647,4.));
#1807 = VECTOR('',#1808,1.);
#1808 = DIRECTION('',(0.,0.,1.));
#1809 = ORIENTED_EDGE('',*,*,#1810,.T.);
#1810 = EDGE_CURVE('',#1803,#1779,#1811,.T.);
#1811 = LINE('',#1812,#1813);
#1812 = CARTESIAN_POINT('',(-11.35,23.901923788647,5.5));
#1813 = VECTOR('',#1814,1.);
#1814 = DIRECTION('',(-1.,-1.184237892933E-15,0.));
#1815 = ORIENTED_EDGE('',*,*,#1778,.F.);
#1816 = ORIENTED_EDGE('',*,*,#387,.F.);
#1817 = PLANE('',#1818);
#1818 = AXIS2_PLACEMENT_3D('',#1819,#1820,#1821);
#1819 = CARTESIAN_POINT('',(-11.35,23.901923788647,4.));
#1820 = DIRECTION('',(1.184237892933E-15,-1.,0.));
#1821 = DIRECTION('',(-1.,-1.184237892933E-15,0.));
#1822 = ADVANCED_FACE('',(#1823),#1834,.F.);
#1823 = FACE_BOUND('',#1824,.F.);
#1824 = EDGE_LOOP('',(#1825,#1826,#1832,#1833));
#1825 = ORIENTED_EDGE('',*,*,#1715,.T.);
#1826 = ORIENTED_EDGE('',*,*,#1827,.T.);
#1827 = EDGE_CURVE('',#1708,#1803,#1828,.T.);
#1828 = LINE('',#1829,#1830);
#1829 = CARTESIAN_POINT('',(-9.85,26.5,5.5));
#1830 = VECTOR('',#1831,1.);
#1831 = DIRECTION('',(-0.5,-0.866025403784,0.));
#1832 = ORIENTED_EDGE('',*,*,#1802,.F.);
#1833 = ORIENTED_EDGE('',*,*,#379,.F.);
#1834 = PLANE('',#1835);
#1835 = AXIS2_PLACEMENT_3D('',#1836,#1837,#1838);
#1836 = CARTESIAN_POINT('',(-9.85,26.5,4.));
#1837 = DIRECTION('',(0.866025403784,-0.5,0.));
#1838 = DIRECTION('',(-0.5,-0.866025403784,0.));
#1839 = ADVANCED_FACE('',(#1840),#1865,.T.);
#1840 = FACE_BOUND('',#1841,.T.);
#1841 = EDGE_LOOP('',(#1842,#1850,#1858,#1864));
#1842 = ORIENTED_EDGE('',*,*,#1843,.T.);
#1843 = EDGE_CURVE('',#420,#1844,#1846,.T.);
#1844 = VERTEX_POINT('',#1845);
#1845 = CARTESIAN_POINT('',(-9.,33.,9.));
#1846 = LINE('',#1847,#1848);
#1847 = CARTESIAN_POINT('',(-9.,33.,4.));
#1848 = VECTOR('',#1849,1.);
#1849 = DIRECTION('',(0.,0.,1.));
#1850 = ORIENTED_EDGE('',*,*,#1851,.T.);
#1851 = EDGE_CURVE('',#1844,#1852,#1854,.T.);
#1852 = VERTEX_POINT('',#1853);
#1853 = CARTESIAN_POINT('',(-9.,25.,9.));
#1854 = LINE('',#1855,#1856);
#1855 = CARTESIAN_POINT('',(-9.,33.,9.));
#1856 = VECTOR('',#1857,1.);
#1857 = DIRECTION('',(0.,-1.,0.));
#1858 = ORIENTED_EDGE('',*,*,#1859,.F.);
#1859 = EDGE_CURVE('',#422,#1852,#1860,.T.);
#1860 = LINE('',#1861,#1862);
#1861 = CARTESIAN_POINT('',(-9.,25.,4.));
#1862 = VECTOR('',#1863,1.);
#1863 = DIRECTION('',(0.,0.,1.));
#1864 = ORIENTED_EDGE('',*,*,#419,.F.);
#1865 = PLANE('',#1866);
#1866 = AXIS2_PLACEMENT_3D('',#1867,#1868,#1869);
#1867 = CARTESIAN_POINT('',(-9.,33.,4.));
#1868 = DIRECTION('',(1.,0.,0.));
#1869 = DIRECTION('',(0.,-1.,0.));
#1870 = ADVANCED_FACE('',(#1871),#1890,.F.);
#1871 = FACE_BOUND('',#1872,.T.);
#1872 = EDGE_LOOP('',(#1873,#1881,#1888,#1889));
#1873 = ORIENTED_EDGE('',*,*,#1874,.T.);
#1874 = EDGE_CURVE('',#430,#1875,#1877,.T.);
#1875 = VERTEX_POINT('',#1876);
#1876 = CARTESIAN_POINT('',(-8.,34.,9.));
#1877 = LINE('',#1878,#1879);
#1878 = CARTESIAN_POINT('',(-8.,34.,4.));
#1879 = VECTOR('',#1880,1.);
#1880 = DIRECTION('',(0.,0.,1.));
#1881 = ORIENTED_EDGE('',*,*,#1882,.T.);
#1882 = EDGE_CURVE('',#1875,#1844,#1883,.T.);
#1883 = CIRCLE('',#1884,1.);
#1884 = AXIS2_PLACEMENT_3D('',#1885,#1886,#1887);
#1885 = CARTESIAN_POINT('',(-8.,33.,9.));
#1886 = DIRECTION('',(0.,0.,1.));
#1887 = DIRECTION('',(1.,0.,0.));
#1888 = ORIENTED_EDGE('',*,*,#1843,.F.);
#1889 = ORIENTED_EDGE('',*,*,#429,.F.);
#1890 = CYLINDRICAL_SURFACE('',#1891,1.);
#1891 = AXIS2_PLACEMENT_3D('',#1892,#1893,#1894);
#1892 = CARTESIAN_POINT('',(-8.,33.,4.));
#1893 = DIRECTION('',(-0.,-0.,-1.));
#1894 = DIRECTION('',(1.,0.,0.));
#1895 = ADVANCED_FACE('',(#1896),#1915,.F.);
#1896 = FACE_BOUND('',#1897,.T.);
#1897 = EDGE_LOOP('',(#1898,#1899,#1908,#1914));
#1898 = ORIENTED_EDGE('',*,*,#1859,.T.);
#1899 = ORIENTED_EDGE('',*,*,#1900,.T.);
#1900 = EDGE_CURVE('',#1852,#1901,#1903,.T.);
#1901 = VERTEX_POINT('',#1902);
#1902 = CARTESIAN_POINT('',(-8.,24.,9.));
#1903 = CIRCLE('',#1904,1.);
#1904 = AXIS2_PLACEMENT_3D('',#1905,#1906,#1907);
#1905 = CARTESIAN_POINT('',(-8.,25.,9.));
#1906 = DIRECTION('',(0.,0.,1.));
#1907 = DIRECTION('',(1.,0.,0.));
#1908 = ORIENTED_EDGE('',*,*,#1909,.F.);
#1909 = EDGE_CURVE('',#473,#1901,#1910,.T.);
#1910 = LINE('',#1911,#1912);
#1911 = CARTESIAN_POINT('',(-8.,24.,4.));
#1912 = VECTOR('',#1913,1.);
#1913 = DIRECTION('',(0.,0.,1.));
#1914 = ORIENTED_EDGE('',*,*,#480,.F.);
#1915 = CYLINDRICAL_SURFACE('',#1916,1.);
#1916 = AXIS2_PLACEMENT_3D('',#1917,#1918,#1919);
#1917 = CARTESIAN_POINT('',(-8.,25.,4.));
#1918 = DIRECTION('',(-0.,-0.,-1.));
#1919 = DIRECTION('',(1.,0.,0.));
#1920 = ADVANCED_FACE('',(#1921),#1939,.T.);
#1921 = FACE_BOUND('',#1922,.T.);
#1922 = EDGE_LOOP('',(#1923,#1931,#1937,#1938));
#1923 = ORIENTED_EDGE('',*,*,#1924,.T.);
#1924 = EDGE_CURVE('',#439,#1925,#1927,.T.);
#1925 = VERTEX_POINT('',#1926);
#1926 = CARTESIAN_POINT('',(8.,34.,9.));
#1927 = LINE('',#1928,#1929);
#1928 = CARTESIAN_POINT('',(8.,34.,4.));
#1929 = VECTOR('',#1930,1.);
#1930 = DIRECTION('',(0.,0.,1.));
#1931 = ORIENTED_EDGE('',*,*,#1932,.T.);
#1932 = EDGE_CURVE('',#1925,#1875,#1933,.T.);
#1933 = LINE('',#1934,#1935);
#1934 = CARTESIAN_POINT('',(8.,34.,9.));
#1935 = VECTOR('',#1936,1.);
#1936 = DIRECTION('',(-1.,0.,0.));
#1937 = ORIENTED_EDGE('',*,*,#1874,.F.);
#1938 = ORIENTED_EDGE('',*,*,#438,.F.);
#1939 = PLANE('',#1940);
#1940 = AXIS2_PLACEMENT_3D('',#1941,#1942,#1943);
#1941 = CARTESIAN_POINT('',(8.,34.,4.));
#1942 = DIRECTION('',(0.,-1.,0.));
#1943 = DIRECTION('',(-1.,0.,0.));
#1944 = ADVANCED_FACE('',(#1945),#1963,.T.);
#1945 = FACE_BOUND('',#1946,.T.);
#1946 = EDGE_LOOP('',(#1947,#1948,#1956,#1962));
#1947 = ORIENTED_EDGE('',*,*,#1909,.T.);
#1948 = ORIENTED_EDGE('',*,*,#1949,.T.);
#1949 = EDGE_CURVE('',#1901,#1950,#1952,.T.);
#1950 = VERTEX_POINT('',#1951);
#1951 = CARTESIAN_POINT('',(8.,24.,9.));
#1952 = LINE('',#1953,#1954);
#1953 = CARTESIAN_POINT('',(-8.,24.,9.));
#1954 = VECTOR('',#1955,1.);
#1955 = DIRECTION('',(1.,0.,0.));
#1956 = ORIENTED_EDGE('',*,*,#1957,.F.);
#1957 = EDGE_CURVE('',#464,#1950,#1958,.T.);
#1958 = LINE('',#1959,#1960);
#1959 = CARTESIAN_POINT('',(8.,24.,4.));
#1960 = VECTOR('',#1961,1.);
#1961 = DIRECTION('',(0.,0.,1.));
#1962 = ORIENTED_EDGE('',*,*,#472,.F.);
#1963 = PLANE('',#1964);
#1964 = AXIS2_PLACEMENT_3D('',#1965,#1966,#1967);
#1965 = CARTESIAN_POINT('',(-8.,24.,4.));
#1966 = DIRECTION('',(0.,1.,0.));
#1967 = DIRECTION('',(1.,0.,0.));
#1968 = ADVANCED_FACE('',(#1969),#1988,.F.);
#1969 = FACE_BOUND('',#1970,.T.);
#1970 = EDGE_LOOP('',(#1971,#1979,#1986,#1987));
#1971 = ORIENTED_EDGE('',*,*,#1972,.T.);
#1972 = EDGE_CURVE('',#447,#1973,#1975,.T.);
#1973 = VERTEX_POINT('',#1974);
#1974 = CARTESIAN_POINT('',(9.,33.,9.));
#1975 = LINE('',#1976,#1977);
#1976 = CARTESIAN_POINT('',(9.,33.,4.));
#1977 = VECTOR('',#1978,1.);
#1978 = DIRECTION('',(0.,0.,1.));
#1979 = ORIENTED_EDGE('',*,*,#1980,.T.);
#1980 = EDGE_CURVE('',#1973,#1925,#1981,.T.);
#1981 = CIRCLE('',#1982,1.);
#1982 = AXIS2_PLACEMENT_3D('',#1983,#1984,#1985);
#1983 = CARTESIAN_POINT('',(8.,33.,9.));
#1984 = DIRECTION('',(0.,0.,1.));
#1985 = DIRECTION('',(1.,0.,0.));
#1986 = ORIENTED_EDGE('',*,*,#1924,.F.);
#1987 = ORIENTED_EDGE('',*,*,#446,.F.);
#1988 = CYLINDRICAL_SURFACE('',#1989,1.);
#1989 = AXIS2_PLACEMENT_3D('',#1990,#1991,#1992);
#1990 = CARTESIAN_POINT('',(8.,33.,4.));
#1991 = DIRECTION('',(-0.,-0.,-1.));
#1992 = DIRECTION('',(1.,0.,0.));
#1993 = ADVANCED_FACE('',(#1994),#2013,.F.);
#1994 = FACE_BOUND('',#1995,.T.);
#1995 = EDGE_LOOP('',(#1996,#1997,#2006,#2012));
#1996 = ORIENTED_EDGE('',*,*,#1957,.T.);
#1997 = ORIENTED_EDGE('',*,*,#1998,.T.);
#1998 = EDGE_CURVE('',#1950,#1999,#2001,.T.);
#1999 = VERTEX_POINT('',#2000);
#2000 = CARTESIAN_POINT('',(9.,25.,9.));
#2001 = CIRCLE('',#2002,1.);
#2002 = AXIS2_PLACEMENT_3D('',#2003,#2004,#2005);
#2003 = CARTESIAN_POINT('',(8.,25.,9.));
#2004 = DIRECTION('',(0.,0.,1.));
#2005 = DIRECTION('',(1.,0.,0.));
#2006 = ORIENTED_EDGE('',*,*,#2007,.F.);
#2007 = EDGE_CURVE('',#456,#1999,#2008,.T.);
#2008 = LINE('',#2009,#2010);
#2009 = CARTESIAN_POINT('',(9.,25.,4.));
#2010 = VECTOR('',#2011,1.);
#2011 = DIRECTION('',(0.,0.,1.));
#2012 = ORIENTED_EDGE('',*,*,#463,.F.);
#2013 = CYLINDRICAL_SURFACE('',#2014,1.);
#2014 = AXIS2_PLACEMENT_3D('',#2015,#2016,#2017);
#2015 = CARTESIAN_POINT('',(8.,25.,4.));
#2016 = DIRECTION('',(-0.,-0.,-1.));
#2017 = DIRECTION('',(1.,0.,0.));
#2018 = ADVANCED_FACE('',(#2019),#2030,.T.);
#2019 = FACE_BOUND('',#2020,.T.);
#2020 = EDGE_LOOP('',(#2021,#2022,#2028,#2029));
#2021 = ORIENTED_EDGE('',*,*,#2007,.T.);
#2022 = ORIENTED_EDGE('',*,*,#2023,.T.);
#2023 = EDGE_CURVE('',#1999,#1973,#2024,.T.);
#2024 = LINE('',#2025,#2026);
#2025 = CARTESIAN_POINT('',(9.,25.,9.));
#2026 = VECTOR('',#2027,1.);
#2027 = DIRECTION('',(0.,1.,0.));
#2028 = ORIENTED_EDGE('',*,*,#1972,.F.);
#2029 = ORIENTED_EDGE('',*,*,#455,.F.);
#2030 = PLANE('',#2031);
#2031 = AXIS2_PLACEMENT_3D('',#2032,#2033,#2034);
#2032 = CARTESIAN_POINT('',(9.,25.,4.));
#2033 = DIRECTION('',(-1.,0.,0.));
#2034 = DIRECTION('',(0.,1.,0.));
#2035 = ADVANCED_FACE('',(#2036),#2062,.F.);
#2036 = FACE_BOUND('',#2037,.T.);
#2037 = EDGE_LOOP('',(#2038,#2046,#2055,#2061));
#2038 = ORIENTED_EDGE('',*,*,#2039,.T.);
#2039 = EDGE_CURVE('',#490,#2040,#2042,.T.);
#2040 = VERTEX_POINT('',#2041);
#2041 = CARTESIAN_POINT('',(-26.,30.,9.));
#2042 = LINE('',#2043,#2044);
#2043 = CARTESIAN_POINT('',(-26.,30.,4.));
#2044 = VECTOR('',#2045,1.);
#2045 = DIRECTION('',(0.,0.,1.));
#2046 = ORIENTED_EDGE('',*,*,#2047,.T.);
#2047 = EDGE_CURVE('',#2040,#2048,#2050,.T.);
#2048 = VERTEX_POINT('',#2049);
#2049 = CARTESIAN_POINT('',(-20.,30.,9.));
#2050 = CIRCLE('',#2051,3.);
#2051 = AXIS2_PLACEMENT_3D('',#2052,#2053,#2054);
#2052 = CARTESIAN_POINT('',(-23.,30.,9.));
#2053 = DIRECTION('',(0.,0.,1.));
#2054 = DIRECTION('',(1.,0.,0.));
#2055 = ORIENTED_EDGE('',*,*,#2056,.F.);
#2056 = EDGE_CURVE('',#492,#2048,#2057,.T.);
#2057 = LINE('',#2058,#2059);
#2058 = CARTESIAN_POINT('',(-20.,30.,4.));
#2059 = VECTOR('',#2060,1.);
#2060 = DIRECTION('',(0.,0.,1.));
#2061 = ORIENTED_EDGE('',*,*,#489,.F.);
#2062 = CYLINDRICAL_SURFACE('',#2063,3.);
#2063 = AXIS2_PLACEMENT_3D('',#2064,#2065,#2066);
#2064 = CARTESIAN_POINT('',(-23.,30.,4.));
#2065 = DIRECTION('',(-0.,-0.,-1.));
#2066 = DIRECTION('',(1.,0.,0.));
#2067 = ADVANCED_FACE('',(#2068),#2086,.F.);
#2068 = FACE_BOUND('',#2069,.F.);
#2069 = EDGE_LOOP('',(#2070,#2071,#2079,#2085));
#2070 = ORIENTED_EDGE('',*,*,#2039,.T.);
#2071 = ORIENTED_EDGE('',*,*,#2072,.T.);
#2072 = EDGE_CURVE('',#2040,#2073,#2075,.T.);
#2073 = VERTEX_POINT('',#2074);
#2074 = CARTESIAN_POINT('',(-26.,40.,9.));
#2075 = LINE('',#2076,#2077);
#2076 = CARTESIAN_POINT('',(-26.,30.,9.));
#2077 = VECTOR('',#2078,1.);
#2078 = DIRECTION('',(0.,1.,0.));
#2079 = ORIENTED_EDGE('',*,*,#2080,.F.);
#2080 = EDGE_CURVE('',#501,#2073,#2081,.T.);
#2081 = LINE('',#2082,#2083);
#2082 = CARTESIAN_POINT('',(-26.,40.,4.));
#2083 = VECTOR('',#2084,1.);
#2084 = DIRECTION('',(0.,0.,1.));
#2085 = ORIENTED_EDGE('',*,*,#500,.F.);
#2086 = PLANE('',#2087);
#2087 = AXIS2_PLACEMENT_3D('',#2088,#2089,#2090);
#2088 = CARTESIAN_POINT('',(-26.,30.,4.));
#2089 = DIRECTION('',(-1.,0.,0.));
#2090 = DIRECTION('',(0.,1.,0.));
#2091 = ADVANCED_FACE('',(#2092),#2110,.T.);
#2092 = FACE_BOUND('',#2093,.T.);
#2093 = EDGE_LOOP('',(#2094,#2095,#2103,#2109));
#2094 = ORIENTED_EDGE('',*,*,#2056,.T.);
#2095 = ORIENTED_EDGE('',*,*,#2096,.T.);
#2096 = EDGE_CURVE('',#2048,#2097,#2099,.T.);
#2097 = VERTEX_POINT('',#2098);
#2098 = CARTESIAN_POINT('',(-20.,40.,9.));
#2099 = LINE('',#2100,#2101);
#2100 = CARTESIAN_POINT('',(-20.,30.,9.));
#2101 = VECTOR('',#2102,1.);
#2102 = DIRECTION('',(0.,1.,0.));
#2103 = ORIENTED_EDGE('',*,*,#2104,.F.);
#2104 = EDGE_CURVE('',#509,#2097,#2105,.T.);
#2105 = LINE('',#2106,#2107);
#2106 = CARTESIAN_POINT('',(-20.,40.,4.));
#2107 = VECTOR('',#2108,1.);
#2108 = DIRECTION('',(0.,0.,1.));
#2109 = ORIENTED_EDGE('',*,*,#517,.F.);
#2110 = PLANE('',#2111);
#2111 = AXIS2_PLACEMENT_3D('',#2112,#2113,#2114);
#2112 = CARTESIAN_POINT('',(-20.,30.,4.));
#2113 = DIRECTION('',(-1.,0.,0.));
#2114 = DIRECTION('',(0.,1.,0.));
#2115 = ADVANCED_FACE('',(#2116),#2128,.F.);
#2116 = FACE_BOUND('',#2117,.T.);
#2117 = EDGE_LOOP('',(#2118,#2119,#2126,#2127));
#2118 = ORIENTED_EDGE('',*,*,#2104,.T.);
#2119 = ORIENTED_EDGE('',*,*,#2120,.T.);
#2120 = EDGE_CURVE('',#2097,#2073,#2121,.T.);
#2121 = CIRCLE('',#2122,3.);
#2122 = AXIS2_PLACEMENT_3D('',#2123,#2124,#2125);
#2123 = CARTESIAN_POINT('',(-23.,40.,9.));
#2124 = DIRECTION('',(0.,0.,1.));
#2125 = DIRECTION('',(1.,0.,0.));
#2126 = ORIENTED_EDGE('',*,*,#2080,.F.);
#2127 = ORIENTED_EDGE('',*,*,#508,.F.);
#2128 = CYLINDRICAL_SURFACE('',#2129,3.);
#2129 = AXIS2_PLACEMENT_3D('',#2130,#2131,#2132);
#2130 = CARTESIAN_POINT('',(-23.,40.,4.));
#2131 = DIRECTION('',(-0.,-0.,-1.));
#2132 = DIRECTION('',(1.,0.,0.));
#2133 = ADVANCED_FACE('',(#2134),#2153,.F.);
#2134 = FACE_BOUND('',#2135,.T.);
#2135 = EDGE_LOOP('',(#2136,#2144,#2151,#2152));
#2136 = ORIENTED_EDGE('',*,*,#2137,.T.);
#2137 = EDGE_CURVE('',#526,#2138,#2140,.T.);
#2138 = VERTEX_POINT('',#2139);
#2139 = CARTESIAN_POINT('',(-8.1,44.,9.));
#2140 = LINE('',#2141,#2142);
#2141 = CARTESIAN_POINT('',(-8.1,44.,4.));
#2142 = VECTOR('',#2143,1.);
#2143 = DIRECTION('',(0.,0.,1.));
#2144 = ORIENTED_EDGE('',*,*,#2145,.T.);
#2145 = EDGE_CURVE('',#2138,#2138,#2146,.T.);
#2146 = CIRCLE('',#2147,1.4);
#2147 = AXIS2_PLACEMENT_3D('',#2148,#2149,#2150);
#2148 = CARTESIAN_POINT('',(-9.5,44.,9.));
#2149 = DIRECTION('',(0.,0.,1.));
#2150 = DIRECTION('',(1.,0.,0.));
#2151 = ORIENTED_EDGE('',*,*,#2137,.F.);
#2152 = ORIENTED_EDGE('',*,*,#525,.F.);
#2153 = CYLINDRICAL_SURFACE('',#2154,1.4);
#2154 = AXIS2_PLACEMENT_3D('',#2155,#2156,#2157);
#2155 = CARTESIAN_POINT('',(-9.5,44.,4.));
#2156 = DIRECTION('',(-0.,-0.,-1.));
#2157 = DIRECTION('',(1.,0.,0.));
#2158 = ADVANCED_FACE('',(#2159),#2178,.F.);
#2159 = FACE_BOUND('',#2160,.T.);
#2160 = EDGE_LOOP('',(#2161,#2169,#2176,#2177));
#2161 = ORIENTED_EDGE('',*,*,#2162,.T.);
#2162 = EDGE_CURVE('',#537,#2163,#2165,.T.);
#2163 = VERTEX_POINT('',#2164);
#2164 = CARTESIAN_POINT('',(10.9,44.,9.));
#2165 = LINE('',#2166,#2167);
#2166 = CARTESIAN_POINT('',(10.9,44.,4.));
#2167 = VECTOR('',#2168,1.);
#2168 = DIRECTION('',(0.,0.,1.));
#2169 = ORIENTED_EDGE('',*,*,#2170,.T.);
#2170 = EDGE_CURVE('',#2163,#2163,#2171,.T.);
#2171 = CIRCLE('',#2172,1.4);
#2172 = AXIS2_PLACEMENT_3D('',#2173,#2174,#2175);
#2173 = CARTESIAN_POINT('',(9.5,44.,9.));
#2174 = DIRECTION('',(0.,0.,1.));
#2175 = DIRECTION('',(1.,0.,0.));
#2176 = ORIENTED_EDGE('',*,*,#2162,.F.);
#2177 = ORIENTED_EDGE('',*,*,#536,.F.);
#2178 = CYLINDRICAL_SURFACE('',#2179,1.4);
#2179 = AXIS2_PLACEMENT_3D('',#2180,#2181,#2182);
#2180 = CARTESIAN_POINT('',(9.5,44.,4.));
#2181 = DIRECTION('',(-0.,-0.,-1.));
#2182 = DIRECTION('',(1.,0.,0.));
#2183 = ADVANCED_FACE('',(#2184),#2203,.F.);
#2184 = FACE_BOUND('',#2185,.T.);
#2185 = EDGE_LOOP('',(#2186,#2187,#2195,#2202));
#2186 = ORIENTED_EDGE('',*,*,#547,.F.);
#2187 = ORIENTED_EDGE('',*,*,#2188,.T.);
#2188 = EDGE_CURVE('',#548,#2189,#2191,.T.);
#2189 = VERTEX_POINT('',#2190);
#2190 = CARTESIAN_POINT('',(74.25,15.,6.));
#2191 = LINE('',#2192,#2193);
#2192 = CARTESIAN_POINT('',(74.25,15.,4.));
#2193 = VECTOR('',#2194,1.);
#2194 = DIRECTION('',(0.,0.,1.));
#2195 = ORIENTED_EDGE('',*,*,#2196,.F.);
#2196 = EDGE_CURVE('',#2189,#2189,#2197,.T.);
#2197 = CIRCLE('',#2198,1.75);
#2198 = AXIS2_PLACEMENT_3D('',#2199,#2200,#2201);
#2199 = CARTESIAN_POINT('',(72.5,15.,6.));
#2200 = DIRECTION('',(0.,0.,-1.));
#2201 = DIRECTION('',(1.,0.,0.));
#2202 = ORIENTED_EDGE('',*,*,#2188,.F.);
#2203 = CYLINDRICAL_SURFACE('',#2204,1.75);
#2204 = AXIS2_PLACEMENT_3D('',#2205,#2206,#2207);
#2205 = CARTESIAN_POINT('',(72.5,15.,4.));
#2206 = DIRECTION('',(-0.,-0.,-1.));
#2207 = DIRECTION('',(1.,0.,0.));
#2208 = ADVANCED_FACE('',(#2209),#2228,.F.);
#2209 = FACE_BOUND('',#2210,.T.);
#2210 = EDGE_LOOP('',(#2211,#2212,#2220,#2227));
#2211 = ORIENTED_EDGE('',*,*,#558,.F.);
#2212 = ORIENTED_EDGE('',*,*,#2213,.T.);
#2213 = EDGE_CURVE('',#559,#2214,#2216,.T.);
#2214 = VERTEX_POINT('',#2215);
#2215 = CARTESIAN_POINT('',(94.25,15.,6.));
#2216 = LINE('',#2217,#2218);
#2217 = CARTESIAN_POINT('',(94.25,15.,4.));
#2218 = VECTOR('',#2219,1.);
#2219 = DIRECTION('',(0.,0.,1.));
#2220 = ORIENTED_EDGE('',*,*,#2221,.F.);
#2221 = EDGE_CURVE('',#2214,#2214,#2222,.T.);
#2222 = CIRCLE('',#2223,1.75);
#2223 = AXIS2_PLACEMENT_3D('',#2224,#2225,#2226);
#2224 = CARTESIAN_POINT('',(92.5,15.,6.));
#2225 = DIRECTION('',(0.,0.,-1.));
#2226 = DIRECTION('',(1.,0.,0.));
#2227 = ORIENTED_EDGE('',*,*,#2213,.F.);
#2228 = CYLINDRICAL_SURFACE('',#2229,1.75);
#2229 = AXIS2_PLACEMENT_3D('',#2230,#2231,#2232);
#2230 = CARTESIAN_POINT('',(92.5,15.,4.));
#2231 = DIRECTION('',(-0.,-0.,-1.));
#2232 = DIRECTION('',(1.,0.,0.));
#2233 = ADVANCED_FACE('',(#2234),#2259,.F.);
#2234 = FACE_BOUND('',#2235,.F.);
#2235 = EDGE_LOOP('',(#2236,#2244,#2252,#2258));
#2236 = ORIENTED_EDGE('',*,*,#2237,.T.);
#2237 = EDGE_CURVE('',#570,#2238,#2240,.T.);
#2238 = VERTEX_POINT('',#2239);
#2239 = CARTESIAN_POINT('',(37.65,29.098076211353,5.5));
#2240 = LINE('',#2241,#2242);
#2241 = CARTESIAN_POINT('',(37.65,29.098076211353,4.));
#2242 = VECTOR('',#2243,1.);
#2243 = DIRECTION('',(0.,0.,1.));
#2244 = ORIENTED_EDGE('',*,*,#2245,.T.);
#2245 = EDGE_CURVE('',#2238,#2246,#2248,.T.);
#2246 = VERTEX_POINT('',#2247);
#2247 = CARTESIAN_POINT('',(39.15,26.5,5.5));
#2248 = LINE('',#2249,#2250);
#2249 = CARTESIAN_POINT('',(37.65,29.098076211353,5.5));
#2250 = VECTOR('',#2251,1.);
#2251 = DIRECTION('',(0.5,-0.866025403784,0.));
#2252 = ORIENTED_EDGE('',*,*,#2253,.F.);
#2253 = EDGE_CURVE('',#572,#2246,#2254,.T.);
#2254 = LINE('',#2255,#2256);
#2255 = CARTESIAN_POINT('',(39.15,26.5,4.));
#2256 = VECTOR('',#2257,1.);
#2257 = DIRECTION('',(0.,0.,1.));
#2258 = ORIENTED_EDGE('',*,*,#569,.F.);
#2259 = PLANE('',#2260);
#2260 = AXIS2_PLACEMENT_3D('',#2261,#2262,#2263);
#2261 = CARTESIAN_POINT('',(37.65,29.098076211353,4.));
#2262 = DIRECTION('',(0.866025403784,0.5,0.));
#2263 = DIRECTION('',(0.5,-0.866025403784,0.));
#2264 = ADVANCED_FACE('',(#2265),#2283,.F.);
#2265 = FACE_BOUND('',#2266,.F.);
#2266 = EDGE_LOOP('',(#2267,#2275,#2281,#2282));
#2267 = ORIENTED_EDGE('',*,*,#2268,.T.);
#2268 = EDGE_CURVE('',#604,#2269,#2271,.T.);
#2269 = VERTEX_POINT('',#2270);
#2270 = CARTESIAN_POINT('',(34.65,29.098076211353,5.5));
#2271 = LINE('',#2272,#2273);
#2272 = CARTESIAN_POINT('',(34.65,29.098076211353,4.));
#2273 = VECTOR('',#2274,1.);
#2274 = DIRECTION('',(0.,0.,1.));
#2275 = ORIENTED_EDGE('',*,*,#2276,.T.);
#2276 = EDGE_CURVE('',#2269,#2238,#2277,.T.);
#2277 = LINE('',#2278,#2279);
#2278 = CARTESIAN_POINT('',(34.65,29.098076211353,5.5));
#2279 = VECTOR('',#2280,1.);
#2280 = DIRECTION('',(1.,1.184237892934E-15,0.));
#2281 = ORIENTED_EDGE('',*,*,#2237,.F.);
#2282 = ORIENTED_EDGE('',*,*,#611,.F.);
#2283 = PLANE('',#2284);
#2284 = AXIS2_PLACEMENT_3D('',#2285,#2286,#2287);
#2285 = CARTESIAN_POINT('',(34.65,29.098076211353,4.));
#2286 = DIRECTION('',(-1.184237892934E-15,1.,0.));
#2287 = DIRECTION('',(1.,1.184237892934E-15,0.));
#2288 = ADVANCED_FACE('',(#2289),#2307,.F.);
#2289 = FACE_BOUND('',#2290,.F.);
#2290 = EDGE_LOOP('',(#2291,#2299,#2305,#2306));
#2291 = ORIENTED_EDGE('',*,*,#2292,.T.);
#2292 = EDGE_CURVE('',#596,#2293,#2295,.T.);
#2293 = VERTEX_POINT('',#2294);
#2294 = CARTESIAN_POINT('',(33.15,26.5,5.5));
#2295 = LINE('',#2296,#2297);
#2296 = CARTESIAN_POINT('',(33.15,26.5,4.));
#2297 = VECTOR('',#2298,1.);
#2298 = DIRECTION('',(0.,0.,1.));
#2299 = ORIENTED_EDGE('',*,*,#2300,.T.);
#2300 = EDGE_CURVE('',#2293,#2269,#2301,.T.);
#2301 = LINE('',#2302,#2303);
#2302 = CARTESIAN_POINT('',(33.15,26.5,5.5));
#2303 = VECTOR('',#2304,1.);
#2304 = DIRECTION('',(0.5,0.866025403784,0.));
#2305 = ORIENTED_EDGE('',*,*,#2268,.F.);
#2306 = ORIENTED_EDGE('',*,*,#603,.F.);
#2307 = PLANE('',#2308);
#2308 = AXIS2_PLACEMENT_3D('',#2309,#2310,#2311);
#2309 = CARTESIAN_POINT('',(33.15,26.5,4.));
#2310 = DIRECTION('',(-0.866025403784,0.5,0.));
#2311 = DIRECTION('',(0.5,0.866025403784,0.));
#2312 = ADVANCED_FACE('',(#2313),#2331,.F.);
#2313 = FACE_BOUND('',#2314,.F.);
#2314 = EDGE_LOOP('',(#2315,#2323,#2329,#2330));
#2315 = ORIENTED_EDGE('',*,*,#2316,.T.);
#2316 = EDGE_CURVE('',#588,#2317,#2319,.T.);
#2317 = VERTEX_POINT('',#2318);
#2318 = CARTESIAN_POINT('',(34.65,23.901923788647,5.5));
#2319 = LINE('',#2320,#2321);
#2320 = CARTESIAN_POINT('',(34.65,23.901923788647,4.));
#2321 = VECTOR('',#2322,1.);
#2322 = DIRECTION('',(0.,0.,1.));
#2323 = ORIENTED_EDGE('',*,*,#2324,.T.);
#2324 = EDGE_CURVE('',#2317,#2293,#2325,.T.);
#2325 = LINE('',#2326,#2327);
#2326 = CARTESIAN_POINT('',(34.65,23.901923788647,5.5));
#2327 = VECTOR('',#2328,1.);
#2328 = DIRECTION('',(-0.5,0.866025403784,-0.));
#2329 = ORIENTED_EDGE('',*,*,#2292,.F.);
#2330 = ORIENTED_EDGE('',*,*,#595,.F.);
#2331 = PLANE('',#2332);
#2332 = AXIS2_PLACEMENT_3D('',#2333,#2334,#2335);
#2333 = CARTESIAN_POINT('',(34.65,23.901923788647,4.));
#2334 = DIRECTION('',(-0.866025403784,-0.5,0.));
#2335 = DIRECTION('',(-0.5,0.866025403784,0.));
#2336 = ADVANCED_FACE('',(#2337),#2355,.F.);
#2337 = FACE_BOUND('',#2338,.F.);
#2338 = EDGE_LOOP('',(#2339,#2347,#2353,#2354));
#2339 = ORIENTED_EDGE('',*,*,#2340,.T.);
#2340 = EDGE_CURVE('',#580,#2341,#2343,.T.);
#2341 = VERTEX_POINT('',#2342);
#2342 = CARTESIAN_POINT('',(37.65,23.901923788647,5.5));
#2343 = LINE('',#2344,#2345);
#2344 = CARTESIAN_POINT('',(37.65,23.901923788647,4.));
#2345 = VECTOR('',#2346,1.);
#2346 = DIRECTION('',(0.,0.,1.));
#2347 = ORIENTED_EDGE('',*,*,#2348,.T.);
#2348 = EDGE_CURVE('',#2341,#2317,#2349,.T.);
#2349 = LINE('',#2350,#2351);
#2350 = CARTESIAN_POINT('',(37.65,23.901923788647,5.5));
#2351 = VECTOR('',#2352,1.);
#2352 = DIRECTION('',(-1.,-1.184237892934E-15,0.));
#2353 = ORIENTED_EDGE('',*,*,#2316,.F.);
#2354 = ORIENTED_EDGE('',*,*,#587,.F.);
#2355 = PLANE('',#2356);
#2356 = AXIS2_PLACEMENT_3D('',#2357,#2358,#2359);
#2357 = CARTESIAN_POINT('',(37.65,23.901923788647,4.));
#2358 = DIRECTION('',(1.184237892934E-15,-1.,0.));
#2359 = DIRECTION('',(-1.,-1.184237892934E-15,0.));
#2360 = ADVANCED_FACE('',(#2361),#2372,.F.);
#2361 = FACE_BOUND('',#2362,.F.);
#2362 = EDGE_LOOP('',(#2363,#2364,#2370,#2371));
#2363 = ORIENTED_EDGE('',*,*,#2253,.T.);
#2364 = ORIENTED_EDGE('',*,*,#2365,.T.);
#2365 = EDGE_CURVE('',#2246,#2341,#2366,.T.);
#2366 = LINE('',#2367,#2368);
#2367 = CARTESIAN_POINT('',(39.15,26.5,5.5));
#2368 = VECTOR('',#2369,1.);
#2369 = DIRECTION('',(-0.5,-0.866025403784,0.));
#2370 = ORIENTED_EDGE('',*,*,#2340,.F.);
#2371 = ORIENTED_EDGE('',*,*,#579,.F.);
#2372 = PLANE('',#2373);
#2373 = AXIS2_PLACEMENT_3D('',#2374,#2375,#2376);
#2374 = CARTESIAN_POINT('',(39.15,26.5,4.));
#2375 = DIRECTION('',(0.866025403784,-0.5,0.));
#2376 = DIRECTION('',(-0.5,-0.866025403784,0.));
#2377 = ADVANCED_FACE('',(#2378,#2392,#2395,#2406,#2416,#2419,#2430,
    #2480,#2530,#2541,#2551,#2557,#2560,#2563,#2613,#2663),#2674,.T.);
#2378 = FACE_BOUND('',#2379,.T.);
#2379 = EDGE_LOOP('',(#2380,#2381,#2382,#2383,#2384,#2385,#2386,#2387,
    #2388,#2389,#2390,#2391));
#2380 = ORIENTED_EDGE('',*,*,#682,.T.);
#2381 = ORIENTED_EDGE('',*,*,#831,.T.);
#2382 = ORIENTED_EDGE('',*,*,#1020,.T.);
#2383 = ORIENTED_EDGE('',*,*,#1051,.F.);
#2384 = ORIENTED_EDGE('',*,*,#1101,.F.);
#2385 = ORIENTED_EDGE('',*,*,#781,.T.);
#2386 = ORIENTED_EDGE('',*,*,#1002,.T.);
#2387 = ORIENTED_EDGE('',*,*,#902,.T.);
#2388 = ORIENTED_EDGE('',*,*,#853,.T.);
#2389 = ORIENTED_EDGE('',*,*,#714,.T.);
#2390 = ORIENTED_EDGE('',*,*,#664,.T.);
#2391 = ORIENTED_EDGE('',*,*,#633,.T.);
#2392 = FACE_BOUND('',#2393,.T.);
#2393 = EDGE_LOOP('',(#2394));
#2394 = ORIENTED_EDGE('',*,*,#1123,.F.);
#2395 = FACE_BOUND('',#2396,.T.);
#2396 = EDGE_LOOP('',(#2397));
#2397 = ORIENTED_EDGE('',*,*,#2398,.F.);
#2398 = EDGE_CURVE('',#2399,#2399,#2401,.T.);
#2399 = VERTEX_POINT('',#2400);
#2400 = CARTESIAN_POINT('',(-11.5,-31.5,9.));
#2401 = CIRCLE('',#2402,1.35);
#2402 = AXIS2_PLACEMENT_3D('',#2403,#2404,#2405);
#2403 = CARTESIAN_POINT('',(-12.85,-31.5,9.));
#2404 = DIRECTION('',(0.,0.,1.));
#2405 = DIRECTION('',(1.,0.,0.));
#2406 = FACE_BOUND('',#2407,.T.);
#2407 = EDGE_LOOP('',(#2408,#2409,#2410,#2411,#2412,#2413,#2414,#2415));
#2408 = ORIENTED_EDGE('',*,*,#1292,.F.);
#2409 = ORIENTED_EDGE('',*,*,#1323,.F.);
#2410 = ORIENTED_EDGE('',*,*,#1373,.F.);
#2411 = ORIENTED_EDGE('',*,*,#1421,.F.);
#2412 = ORIENTED_EDGE('',*,*,#1464,.F.);
#2413 = ORIENTED_EDGE('',*,*,#1439,.F.);
#2414 = ORIENTED_EDGE('',*,*,#1390,.F.);
#2415 = ORIENTED_EDGE('',*,*,#1341,.F.);
#2416 = FACE_BOUND('',#2417,.T.);
#2417 = EDGE_LOOP('',(#2418));
#2418 = ORIENTED_EDGE('',*,*,#1488,.F.);
#2419 = FACE_BOUND('',#2420,.T.);
#2420 = EDGE_LOOP('',(#2421));
#2421 = ORIENTED_EDGE('',*,*,#2422,.F.);
#2422 = EDGE_CURVE('',#2423,#2423,#2425,.T.);
#2423 = VERTEX_POINT('',#2424);
#2424 = CARTESIAN_POINT('',(37.5,-31.5,9.));
#2425 = CIRCLE('',#2426,1.35);
#2426 = AXIS2_PLACEMENT_3D('',#2427,#2428,#2429);
#2427 = CARTESIAN_POINT('',(36.15,-31.5,9.));
#2428 = DIRECTION('',(0.,0.,1.));
#2429 = DIRECTION('',(1.,0.,0.));
#2430 = FACE_BOUND('',#2431,.T.);
#2431 = EDGE_LOOP('',(#2432,#2442,#2450,#2458,#2466,#2474));
#2432 = ORIENTED_EDGE('',*,*,#2433,.F.);
#2433 = EDGE_CURVE('',#2434,#2436,#2438,.T.);
#2434 = VERTEX_POINT('',#2435);
#2435 = CARTESIAN_POINT('',(75.964101615138,-15.,9.));
#2436 = VERTEX_POINT('',#2437);
#2437 = CARTESIAN_POINT('',(74.232050807569,-12.,9.));
#2438 = LINE('',#2439,#2440);
#2439 = CARTESIAN_POINT('',(75.964101615138,-15.,9.));
#2440 = VECTOR('',#2441,1.);
#2441 = DIRECTION('',(-0.5,0.866025403784,0.));
#2442 = ORIENTED_EDGE('',*,*,#2443,.F.);
#2443 = EDGE_CURVE('',#2444,#2434,#2446,.T.);
#2444 = VERTEX_POINT('',#2445);
#2445 = CARTESIAN_POINT('',(74.232050807569,-18.,9.));
#2446 = LINE('',#2447,#2448);
#2447 = CARTESIAN_POINT('',(74.232050807569,-18.,9.));
#2448 = VECTOR('',#2449,1.);
#2449 = DIRECTION('',(0.5,0.866025403784,0.));
#2450 = ORIENTED_EDGE('',*,*,#2451,.F.);
#2451 = EDGE_CURVE('',#2452,#2444,#2454,.T.);
#2452 = VERTEX_POINT('',#2453);
#2453 = CARTESIAN_POINT('',(70.767949192431,-18.,9.));
#2454 = LINE('',#2455,#2456);
#2455 = CARTESIAN_POINT('',(70.767949192431,-18.,9.));
#2456 = VECTOR('',#2457,1.);
#2457 = DIRECTION('',(1.,0.,0.));
#2458 = ORIENTED_EDGE('',*,*,#2459,.F.);
#2459 = EDGE_CURVE('',#2460,#2452,#2462,.T.);
#2460 = VERTEX_POINT('',#2461);
#2461 = CARTESIAN_POINT('',(69.035898384862,-15.,9.));
#2462 = LINE('',#2463,#2464);
#2463 = CARTESIAN_POINT('',(69.035898384862,-15.,9.));
#2464 = VECTOR('',#2465,1.);
#2465 = DIRECTION('',(0.5,-0.866025403784,0.));
#2466 = ORIENTED_EDGE('',*,*,#2467,.F.);
#2467 = EDGE_CURVE('',#2468,#2460,#2470,.T.);
#2468 = VERTEX_POINT('',#2469);
#2469 = CARTESIAN_POINT('',(70.767949192431,-12.,9.));
#2470 = LINE('',#2471,#2472);
#2471 = CARTESIAN_POINT('',(70.767949192431,-12.,9.));
#2472 = VECTOR('',#2473,1.);
#2473 = DIRECTION('',(-0.5,-0.866025403784,0.));
#2474 = ORIENTED_EDGE('',*,*,#2475,.F.);
#2475 = EDGE_CURVE('',#2436,#2468,#2476,.T.);
#2476 = LINE('',#2477,#2478);
#2477 = CARTESIAN_POINT('',(74.232050807569,-12.,9.));
#2478 = VECTOR('',#2479,1.);
#2479 = DIRECTION('',(-1.,0.,0.));
#2480 = FACE_BOUND('',#2481,.T.);
#2481 = EDGE_LOOP('',(#2482,#2492,#2500,#2508,#2516,#2524));
#2482 = ORIENTED_EDGE('',*,*,#2483,.F.);
#2483 = EDGE_CURVE('',#2484,#2486,#2488,.T.);
#2484 = VERTEX_POINT('',#2485);
#2485 = CARTESIAN_POINT('',(95.964101615138,-15.,9.));
#2486 = VERTEX_POINT('',#2487);
#2487 = CARTESIAN_POINT('',(94.232050807569,-12.,9.));
#2488 = LINE('',#2489,#2490);
#2489 = CARTESIAN_POINT('',(95.964101615138,-15.,9.));
#2490 = VECTOR('',#2491,1.);
#2491 = DIRECTION('',(-0.5,0.866025403784,0.));
#2492 = ORIENTED_EDGE('',*,*,#2493,.F.);
#2493 = EDGE_CURVE('',#2494,#2484,#2496,.T.);
#2494 = VERTEX_POINT('',#2495);
#2495 = CARTESIAN_POINT('',(94.232050807569,-18.,9.));
#2496 = LINE('',#2497,#2498);
#2497 = CARTESIAN_POINT('',(94.232050807569,-18.,9.));
#2498 = VECTOR('',#2499,1.);
#2499 = DIRECTION('',(0.5,0.866025403784,0.));
#2500 = ORIENTED_EDGE('',*,*,#2501,.F.);
#2501 = EDGE_CURVE('',#2502,#2494,#2504,.T.);
#2502 = VERTEX_POINT('',#2503);
#2503 = CARTESIAN_POINT('',(90.767949192431,-18.,9.));
#2504 = LINE('',#2505,#2506);
#2505 = CARTESIAN_POINT('',(90.767949192431,-18.,9.));
#2506 = VECTOR('',#2507,1.);
#2507 = DIRECTION('',(1.,0.,0.));
#2508 = ORIENTED_EDGE('',*,*,#2509,.F.);
#2509 = EDGE_CURVE('',#2510,#2502,#2512,.T.);
#2510 = VERTEX_POINT('',#2511);
#2511 = CARTESIAN_POINT('',(89.035898384862,-15.,9.));
#2512 = LINE('',#2513,#2514);
#2513 = CARTESIAN_POINT('',(89.035898384862,-15.,9.));
#2514 = VECTOR('',#2515,1.);
#2515 = DIRECTION('',(0.5,-0.866025403784,0.));
#2516 = ORIENTED_EDGE('',*,*,#2517,.F.);
#2517 = EDGE_CURVE('',#2518,#2510,#2520,.T.);
#2518 = VERTEX_POINT('',#2519);
#2519 = CARTESIAN_POINT('',(90.767949192431,-12.,9.));
#2520 = LINE('',#2521,#2522);
#2521 = CARTESIAN_POINT('',(90.767949192431,-12.,9.));
#2522 = VECTOR('',#2523,1.);
#2523 = DIRECTION('',(-0.5,-0.866025403784,0.));
#2524 = ORIENTED_EDGE('',*,*,#2525,.F.);
#2525 = EDGE_CURVE('',#2486,#2518,#2526,.T.);
#2526 = LINE('',#2527,#2528);
#2527 = CARTESIAN_POINT('',(94.232050807569,-12.,9.));
#2528 = VECTOR('',#2529,1.);
#2529 = DIRECTION('',(-1.,0.,0.));
#2530 = FACE_BOUND('',#2531,.T.);
#2531 = EDGE_LOOP('',(#2532));
#2532 = ORIENTED_EDGE('',*,*,#2533,.F.);
#2533 = EDGE_CURVE('',#2534,#2534,#2536,.T.);
#2534 = VERTEX_POINT('',#2535);
#2535 = CARTESIAN_POINT('',(-11.5,26.5,9.));
#2536 = CIRCLE('',#2537,1.35);
#2537 = AXIS2_PLACEMENT_3D('',#2538,#2539,#2540);
#2538 = CARTESIAN_POINT('',(-12.85,26.5,9.));
#2539 = DIRECTION('',(0.,0.,1.));
#2540 = DIRECTION('',(1.,0.,0.));
#2541 = FACE_BOUND('',#2542,.T.);
#2542 = EDGE_LOOP('',(#2543,#2544,#2545,#2546,#2547,#2548,#2549,#2550));
#2543 = ORIENTED_EDGE('',*,*,#1851,.F.);
#2544 = ORIENTED_EDGE('',*,*,#1882,.F.);
#2545 = ORIENTED_EDGE('',*,*,#1932,.F.);
#2546 = ORIENTED_EDGE('',*,*,#1980,.F.);
#2547 = ORIENTED_EDGE('',*,*,#2023,.F.);
#2548 = ORIENTED_EDGE('',*,*,#1998,.F.);
#2549 = ORIENTED_EDGE('',*,*,#1949,.F.);
#2550 = ORIENTED_EDGE('',*,*,#1900,.F.);
#2551 = FACE_BOUND('',#2552,.T.);
#2552 = EDGE_LOOP('',(#2553,#2554,#2555,#2556));
#2553 = ORIENTED_EDGE('',*,*,#2047,.F.);
#2554 = ORIENTED_EDGE('',*,*,#2072,.T.);
#2555 = ORIENTED_EDGE('',*,*,#2120,.F.);
#2556 = ORIENTED_EDGE('',*,*,#2096,.F.);
#2557 = FACE_BOUND('',#2558,.T.);
#2558 = EDGE_LOOP('',(#2559));
#2559 = ORIENTED_EDGE('',*,*,#2145,.F.);
#2560 = FACE_BOUND('',#2561,.T.);
#2561 = EDGE_LOOP('',(#2562));
#2562 = ORIENTED_EDGE('',*,*,#2170,.F.);
#2563 = FACE_BOUND('',#2564,.T.);
#2564 = EDGE_LOOP('',(#2565,#2575,#2583,#2591,#2599,#2607));
#2565 = ORIENTED_EDGE('',*,*,#2566,.F.);
#2566 = EDGE_CURVE('',#2567,#2569,#2571,.T.);
#2567 = VERTEX_POINT('',#2568);
#2568 = CARTESIAN_POINT('',(75.964101615138,15.,9.));
#2569 = VERTEX_POINT('',#2570);
#2570 = CARTESIAN_POINT('',(74.232050807569,18.,9.));
#2571 = LINE('',#2572,#2573);
#2572 = CARTESIAN_POINT('',(75.964101615138,15.,9.));
#2573 = VECTOR('',#2574,1.);
#2574 = DIRECTION('',(-0.5,0.866025403784,0.));
#2575 = ORIENTED_EDGE('',*,*,#2576,.F.);
#2576 = EDGE_CURVE('',#2577,#2567,#2579,.T.);
#2577 = VERTEX_POINT('',#2578);
#2578 = CARTESIAN_POINT('',(74.232050807569,12.,9.));
#2579 = LINE('',#2580,#2581);
#2580 = CARTESIAN_POINT('',(74.232050807569,12.,9.));
#2581 = VECTOR('',#2582,1.);
#2582 = DIRECTION('',(0.5,0.866025403784,0.));
#2583 = ORIENTED_EDGE('',*,*,#2584,.F.);
#2584 = EDGE_CURVE('',#2585,#2577,#2587,.T.);
#2585 = VERTEX_POINT('',#2586);
#2586 = CARTESIAN_POINT('',(70.767949192431,12.,9.));
#2587 = LINE('',#2588,#2589);
#2588 = CARTESIAN_POINT('',(70.767949192431,12.,9.));
#2589 = VECTOR('',#2590,1.);
#2590 = DIRECTION('',(1.,1.538370149107E-15,0.));
#2591 = ORIENTED_EDGE('',*,*,#2592,.F.);
#2592 = EDGE_CURVE('',#2593,#2585,#2595,.T.);
#2593 = VERTEX_POINT('',#2594);
#2594 = CARTESIAN_POINT('',(69.035898384862,15.,9.));
#2595 = LINE('',#2596,#2597);
#2596 = CARTESIAN_POINT('',(69.035898384862,15.,9.));
#2597 = VECTOR('',#2598,1.);
#2598 = DIRECTION('',(0.5,-0.866025403784,0.));
#2599 = ORIENTED_EDGE('',*,*,#2600,.F.);
#2600 = EDGE_CURVE('',#2601,#2593,#2603,.T.);
#2601 = VERTEX_POINT('',#2602);
#2602 = CARTESIAN_POINT('',(70.767949192431,18.,9.));
#2603 = LINE('',#2604,#2605);
#2604 = CARTESIAN_POINT('',(70.767949192431,18.,9.));
#2605 = VECTOR('',#2606,1.);
#2606 = DIRECTION('',(-0.5,-0.866025403784,0.));
#2607 = ORIENTED_EDGE('',*,*,#2608,.F.);
#2608 = EDGE_CURVE('',#2569,#2601,#2609,.T.);
#2609 = LINE('',#2610,#2611);
#2610 = CARTESIAN_POINT('',(74.232050807569,18.,9.));
#2611 = VECTOR('',#2612,1.);
#2612 = DIRECTION('',(-1.,2.051160198809E-15,0.));
#2613 = FACE_BOUND('',#2614,.T.);
#2614 = EDGE_LOOP('',(#2615,#2625,#2633,#2641,#2649,#2657));
#2615 = ORIENTED_EDGE('',*,*,#2616,.F.);
#2616 = EDGE_CURVE('',#2617,#2619,#2621,.T.);
#2617 = VERTEX_POINT('',#2618);
#2618 = CARTESIAN_POINT('',(95.964101615138,15.,9.));
#2619 = VERTEX_POINT('',#2620);
#2620 = CARTESIAN_POINT('',(94.232050807569,18.,9.));
#2621 = LINE('',#2622,#2623);
#2622 = CARTESIAN_POINT('',(95.964101615138,15.,9.));
#2623 = VECTOR('',#2624,1.);
#2624 = DIRECTION('',(-0.5,0.866025403784,0.));
#2625 = ORIENTED_EDGE('',*,*,#2626,.F.);
#2626 = EDGE_CURVE('',#2627,#2617,#2629,.T.);
#2627 = VERTEX_POINT('',#2628);
#2628 = CARTESIAN_POINT('',(94.232050807569,12.,9.));
#2629 = LINE('',#2630,#2631);
#2630 = CARTESIAN_POINT('',(94.232050807569,12.,9.));
#2631 = VECTOR('',#2632,1.);
#2632 = DIRECTION('',(0.5,0.866025403784,0.));
#2633 = ORIENTED_EDGE('',*,*,#2634,.F.);
#2634 = EDGE_CURVE('',#2635,#2627,#2637,.T.);
#2635 = VERTEX_POINT('',#2636);
#2636 = CARTESIAN_POINT('',(90.767949192431,12.,9.));
#2637 = LINE('',#2638,#2639);
#2638 = CARTESIAN_POINT('',(90.767949192431,12.,9.));
#2639 = VECTOR('',#2640,1.);
#2640 = DIRECTION('',(1.,0.,0.));
#2641 = ORIENTED_EDGE('',*,*,#2642,.F.);
#2642 = EDGE_CURVE('',#2643,#2635,#2645,.T.);
#2643 = VERTEX_POINT('',#2644);
#2644 = CARTESIAN_POINT('',(89.035898384862,15.,9.));
#2645 = LINE('',#2646,#2647);
#2646 = CARTESIAN_POINT('',(89.035898384862,15.,9.));
#2647 = VECTOR('',#2648,1.);
#2648 = DIRECTION('',(0.5,-0.866025403784,0.));
#2649 = ORIENTED_EDGE('',*,*,#2650,.F.);
#2650 = EDGE_CURVE('',#2651,#2643,#2653,.T.);
#2651 = VERTEX_POINT('',#2652);
#2652 = CARTESIAN_POINT('',(90.767949192431,18.,9.));
#2653 = LINE('',#2654,#2655);
#2654 = CARTESIAN_POINT('',(90.767949192431,18.,9.));
#2655 = VECTOR('',#2656,1.);
#2656 = DIRECTION('',(-0.5,-0.866025403784,0.));
#2657 = ORIENTED_EDGE('',*,*,#2658,.F.);
#2658 = EDGE_CURVE('',#2619,#2651,#2659,.T.);
#2659 = LINE('',#2660,#2661);
#2660 = CARTESIAN_POINT('',(94.232050807569,18.,9.));
#2661 = VECTOR('',#2662,1.);
#2662 = DIRECTION('',(-1.,0.,0.));
#2663 = FACE_BOUND('',#2664,.T.);
#2664 = EDGE_LOOP('',(#2665));
#2665 = ORIENTED_EDGE('',*,*,#2666,.F.);
#2666 = EDGE_CURVE('',#2667,#2667,#2669,.T.);
#2667 = VERTEX_POINT('',#2668);
#2668 = CARTESIAN_POINT('',(37.5,26.5,9.));
#2669 = CIRCLE('',#2670,1.35);
#2670 = AXIS2_PLACEMENT_3D('',#2671,#2672,#2673);
#2671 = CARTESIAN_POINT('',(36.15,26.5,9.));
#2672 = DIRECTION('',(0.,0.,1.));
#2673 = DIRECTION('',(1.,0.,0.));
#2674 = PLANE('',#2675);
#2675 = AXIS2_PLACEMENT_3D('',#2676,#2677,#2678);
#2676 = CARTESIAN_POINT('',(25.669444690924,1.839735222028,9.));
#2677 = DIRECTION('',(0.,0.,1.));
#2678 = DIRECTION('',(1.,0.,0.));
#2679 = ADVANCED_FACE('',(#2680),#2691,.F.);
#2680 = FACE_BOUND('',#2681,.F.);
#2681 = EDGE_LOOP('',(#2682,#2683,#2684,#2685));
#2682 = ORIENTED_EDGE('',*,*,#814,.F.);
#2683 = ORIENTED_EDGE('',*,*,#1036,.T.);
#2684 = ORIENTED_EDGE('',*,*,#928,.T.);
#2685 = ORIENTED_EDGE('',*,*,#2686,.F.);
#2686 = EDGE_CURVE('',#807,#929,#2687,.T.);
#2687 = LINE('',#2688,#2689);
#2688 = CARTESIAN_POINT('',(-30.,20.4,-13.4));
#2689 = VECTOR('',#2690,1.);
#2690 = DIRECTION('',(1.,0.,0.));
#2691 = CYLINDRICAL_SURFACE('',#2692,1.);
#2692 = AXIS2_PLACEMENT_3D('',#2693,#2694,#2695);
#2693 = CARTESIAN_POINT('',(-30.,20.4,-12.4));
#2694 = DIRECTION('',(-1.,0.,0.));
#2695 = DIRECTION('',(0.,-1.,0.));
#2696 = ADVANCED_FACE('',(#2697,#2708,#2719),#2730,.F.);
#2697 = FACE_BOUND('',#2698,.F.);
#2698 = EDGE_LOOP('',(#2699,#2700,#2701,#2702));
#2699 = ORIENTED_EDGE('',*,*,#806,.F.);
#2700 = ORIENTED_EDGE('',*,*,#2686,.T.);
#2701 = ORIENTED_EDGE('',*,*,#937,.F.);
#2702 = ORIENTED_EDGE('',*,*,#2703,.F.);
#2703 = EDGE_CURVE('',#798,#938,#2704,.T.);
#2704 = LINE('',#2705,#2706);
#2705 = CARTESIAN_POINT('',(-30.,-20.4,-13.4));
#2706 = VECTOR('',#2707,1.);
#2707 = DIRECTION('',(1.,0.,0.));
#2708 = FACE_BOUND('',#2709,.F.);
#2709 = EDGE_LOOP('',(#2710));
#2710 = ORIENTED_EDGE('',*,*,#2711,.F.);
#2711 = EDGE_CURVE('',#2712,#2712,#2714,.T.);
#2712 = VERTEX_POINT('',#2713);
#2713 = CARTESIAN_POINT('',(2.25,12.,-13.4));
#2714 = CIRCLE('',#2715,2.25);
#2715 = AXIS2_PLACEMENT_3D('',#2716,#2717,#2718);
#2716 = CARTESIAN_POINT('',(0.,12.,-13.4));
#2717 = DIRECTION('',(0.,0.,-1.));
#2718 = DIRECTION('',(1.,0.,0.));
#2719 = FACE_BOUND('',#2720,.F.);
#2720 = EDGE_LOOP('',(#2721));
#2721 = ORIENTED_EDGE('',*,*,#2722,.F.);
#2722 = EDGE_CURVE('',#2723,#2723,#2725,.T.);
#2723 = VERTEX_POINT('',#2724);
#2724 = CARTESIAN_POINT('',(2.25,-12.,-13.4));
#2725 = CIRCLE('',#2726,2.25);
#2726 = AXIS2_PLACEMENT_3D('',#2727,#2728,#2729);
#2727 = CARTESIAN_POINT('',(0.,-12.,-13.4));
#2728 = DIRECTION('',(0.,0.,-1.));
#2729 = DIRECTION('',(1.,0.,0.));
#2730 = PLANE('',#2731);
#2731 = AXIS2_PLACEMENT_3D('',#2732,#2733,#2734);
#2732 = CARTESIAN_POINT('',(-30.,20.4,-13.4));
#2733 = DIRECTION('',(0.,0.,-1.));
#2734 = DIRECTION('',(0.,-1.,0.));
#2735 = ADVANCED_FACE('',(#2736),#2742,.F.);
#2736 = FACE_BOUND('',#2737,.F.);
#2737 = EDGE_LOOP('',(#2738,#2739,#2740,#2741));
#2738 = ORIENTED_EDGE('',*,*,#797,.F.);
#2739 = ORIENTED_EDGE('',*,*,#2703,.T.);
#2740 = ORIENTED_EDGE('',*,*,#945,.T.);
#2741 = ORIENTED_EDGE('',*,*,#1092,.F.);
#2742 = CYLINDRICAL_SURFACE('',#2743,1.);
#2743 = AXIS2_PLACEMENT_3D('',#2744,#2745,#2746);
#2744 = CARTESIAN_POINT('',(-30.,-20.4,-12.4));
#2745 = DIRECTION('',(-1.,0.,0.));
#2746 = DIRECTION('',(0.,-1.,0.));
#2747 = ADVANCED_FACE('',(#2748),#2759,.T.);
#2748 = FACE_BOUND('',#2749,.T.);
#2749 = EDGE_LOOP('',(#2750,#2756,#2757,#2758));
#2750 = ORIENTED_EDGE('',*,*,#2751,.T.);
#2751 = EDGE_CURVE('',#750,#970,#2752,.T.);
#2752 = LINE('',#2753,#2754);
#2753 = CARTESIAN_POINT('',(-30.,-22.,-15.00000000003));
#2754 = VECTOR('',#2755,1.);
#2755 = DIRECTION('',(1.,0.,0.));
#2756 = ORIENTED_EDGE('',*,*,#969,.T.);
#2757 = ORIENTED_EDGE('',*,*,#1074,.F.);
#2758 = ORIENTED_EDGE('',*,*,#757,.F.);
#2759 = CYLINDRICAL_SURFACE('',#2760,1.);
#2760 = AXIS2_PLACEMENT_3D('',#2761,#2762,#2763);
#2761 = CARTESIAN_POINT('',(-30.,-22.,-14.00000000003));
#2762 = DIRECTION('',(-1.,0.,0.));
#2763 = DIRECTION('',(0.,-1.,0.));
#2764 = ADVANCED_FACE('',(#2765,#2776,#2787),#2798,.T.);
#2765 = FACE_BOUND('',#2766,.T.);
#2766 = EDGE_LOOP('',(#2767,#2773,#2774,#2775));
#2767 = ORIENTED_EDGE('',*,*,#2768,.T.);
#2768 = EDGE_CURVE('',#741,#979,#2769,.T.);
#2769 = LINE('',#2770,#2771);
#2770 = CARTESIAN_POINT('',(-30.,22.,-15.00000000003));
#2771 = VECTOR('',#2772,1.);
#2772 = DIRECTION('',(1.,0.,0.));
#2773 = ORIENTED_EDGE('',*,*,#978,.T.);
#2774 = ORIENTED_EDGE('',*,*,#2751,.F.);
#2775 = ORIENTED_EDGE('',*,*,#749,.F.);
#2776 = FACE_BOUND('',#2777,.T.);
#2777 = EDGE_LOOP('',(#2778));
#2778 = ORIENTED_EDGE('',*,*,#2779,.F.);
#2779 = EDGE_CURVE('',#2780,#2780,#2782,.T.);
#2780 = VERTEX_POINT('',#2781);
#2781 = CARTESIAN_POINT('',(2.25,12.,-15.00000000003));
#2782 = CIRCLE('',#2783,2.25);
#2783 = AXIS2_PLACEMENT_3D('',#2784,#2785,#2786);
#2784 = CARTESIAN_POINT('',(0.,12.,-15.00000000003));
#2785 = DIRECTION('',(0.,0.,-1.));
#2786 = DIRECTION('',(1.,0.,0.));
#2787 = FACE_BOUND('',#2788,.T.);
#2788 = EDGE_LOOP('',(#2789));
#2789 = ORIENTED_EDGE('',*,*,#2790,.F.);
#2790 = EDGE_CURVE('',#2791,#2791,#2793,.T.);
#2791 = VERTEX_POINT('',#2792);
#2792 = CARTESIAN_POINT('',(2.25,-12.,-15.00000000003));
#2793 = CIRCLE('',#2794,2.25);
#2794 = AXIS2_PLACEMENT_3D('',#2795,#2796,#2797);
#2795 = CARTESIAN_POINT('',(0.,-12.,-15.00000000003));
#2796 = DIRECTION('',(0.,0.,-1.));
#2797 = DIRECTION('',(1.,0.,0.));
#2798 = PLANE('',#2799);
#2799 = AXIS2_PLACEMENT_3D('',#2800,#2801,#2802);
#2800 = CARTESIAN_POINT('',(-30.,22.,-15.00000000003));
#2801 = DIRECTION('',(-0.,-0.,-1.));
#2802 = DIRECTION('',(0.,-1.,0.));
#2803 = ADVANCED_FACE('',(#2804),#2810,.T.);
#2804 = FACE_BOUND('',#2805,.T.);
#2805 = EDGE_LOOP('',(#2806,#2807,#2808,#2809));
#2806 = ORIENTED_EDGE('',*,*,#879,.T.);
#2807 = ORIENTED_EDGE('',*,*,#986,.T.);
#2808 = ORIENTED_EDGE('',*,*,#2768,.F.);
#2809 = ORIENTED_EDGE('',*,*,#740,.F.);
#2810 = CYLINDRICAL_SURFACE('',#2811,1.);
#2811 = AXIS2_PLACEMENT_3D('',#2812,#2813,#2814);
#2812 = CARTESIAN_POINT('',(-30.,22.,-14.00000000003));
#2813 = DIRECTION('',(-1.,0.,0.));
#2814 = DIRECTION('',(0.,-1.,0.));
#2815 = ADVANCED_FACE('',(#2816,#2824),#2835,.F.);
#2816 = FACE_BOUND('',#2817,.F.);
#2817 = EDGE_LOOP('',(#2818,#2819,#2820,#2821,#2822,#2823));
#2818 = ORIENTED_EDGE('',*,*,#1268,.F.);
#2819 = ORIENTED_EDGE('',*,*,#1148,.F.);
#2820 = ORIENTED_EDGE('',*,*,#1179,.F.);
#2821 = ORIENTED_EDGE('',*,*,#1203,.F.);
#2822 = ORIENTED_EDGE('',*,*,#1227,.F.);
#2823 = ORIENTED_EDGE('',*,*,#1251,.F.);
#2824 = FACE_BOUND('',#2825,.F.);
#2825 = EDGE_LOOP('',(#2826));
#2826 = ORIENTED_EDGE('',*,*,#2827,.T.);
#2827 = EDGE_CURVE('',#2828,#2828,#2830,.T.);
#2828 = VERTEX_POINT('',#2829);
#2829 = CARTESIAN_POINT('',(-11.5,-31.5,5.5));
#2830 = CIRCLE('',#2831,1.35);
#2831 = AXIS2_PLACEMENT_3D('',#2832,#2833,#2834);
#2832 = CARTESIAN_POINT('',(-12.85,-31.5,5.5));
#2833 = DIRECTION('',(0.,0.,-1.));
#2834 = DIRECTION('',(1.,0.,0.));
#2835 = PLANE('',#2836);
#2836 = AXIS2_PLACEMENT_3D('',#2837,#2838,#2839);
#2837 = CARTESIAN_POINT('',(11.65,-2.5,5.5));
#2838 = DIRECTION('',(0.,0.,1.));
#2839 = DIRECTION('',(1.,0.,0.));
#2840 = ADVANCED_FACE('',(#2841,#2849),#2860,.F.);
#2841 = FACE_BOUND('',#2842,.F.);
#2842 = EDGE_LOOP('',(#2843,#2844,#2845,#2846,#2847,#2848));
#2843 = ORIENTED_EDGE('',*,*,#1633,.F.);
#2844 = ORIENTED_EDGE('',*,*,#1513,.F.);
#2845 = ORIENTED_EDGE('',*,*,#1544,.F.);
#2846 = ORIENTED_EDGE('',*,*,#1568,.F.);
#2847 = ORIENTED_EDGE('',*,*,#1592,.F.);
#2848 = ORIENTED_EDGE('',*,*,#1616,.F.);
#2849 = FACE_BOUND('',#2850,.F.);
#2850 = EDGE_LOOP('',(#2851));
#2851 = ORIENTED_EDGE('',*,*,#2852,.T.);
#2852 = EDGE_CURVE('',#2853,#2853,#2855,.T.);
#2853 = VERTEX_POINT('',#2854);
#2854 = CARTESIAN_POINT('',(37.5,-31.5,5.5));
#2855 = CIRCLE('',#2856,1.35);
#2856 = AXIS2_PLACEMENT_3D('',#2857,#2858,#2859);
#2857 = CARTESIAN_POINT('',(36.15,-31.5,5.5));
#2858 = DIRECTION('',(0.,0.,-1.));
#2859 = DIRECTION('',(1.,0.,0.));
#2860 = PLANE('',#2861);
#2861 = AXIS2_PLACEMENT_3D('',#2862,#2863,#2864);
#2862 = CARTESIAN_POINT('',(11.65,-2.5,5.5));
#2863 = DIRECTION('',(0.,0.,1.));
#2864 = DIRECTION('',(1.,0.,0.));
#2865 = ADVANCED_FACE('',(#2866,#2916),#2919,.T.);
#2866 = FACE_BOUND('',#2867,.T.);
#2867 = EDGE_LOOP('',(#2868,#2878,#2886,#2894,#2902,#2910));
#2868 = ORIENTED_EDGE('',*,*,#2869,.T.);
#2869 = EDGE_CURVE('',#2870,#2872,#2874,.T.);
#2870 = VERTEX_POINT('',#2871);
#2871 = CARTESIAN_POINT('',(75.964101615138,-15.,6.));
#2872 = VERTEX_POINT('',#2873);
#2873 = CARTESIAN_POINT('',(74.232050807569,-12.,6.));
#2874 = LINE('',#2875,#2876);
#2875 = CARTESIAN_POINT('',(75.964101615138,-15.,6.));
#2876 = VECTOR('',#2877,1.);
#2877 = DIRECTION('',(-0.5,0.866025403784,0.));
#2878 = ORIENTED_EDGE('',*,*,#2879,.T.);
#2879 = EDGE_CURVE('',#2872,#2880,#2882,.T.);
#2880 = VERTEX_POINT('',#2881);
#2881 = CARTESIAN_POINT('',(70.767949192431,-12.,6.));
#2882 = LINE('',#2883,#2884);
#2883 = CARTESIAN_POINT('',(74.232050807569,-12.,6.));
#2884 = VECTOR('',#2885,1.);
#2885 = DIRECTION('',(-1.,0.,0.));
#2886 = ORIENTED_EDGE('',*,*,#2887,.T.);
#2887 = EDGE_CURVE('',#2880,#2888,#2890,.T.);
#2888 = VERTEX_POINT('',#2889);
#2889 = CARTESIAN_POINT('',(69.035898384862,-15.,6.));
#2890 = LINE('',#2891,#2892);
#2891 = CARTESIAN_POINT('',(70.767949192431,-12.,6.));
#2892 = VECTOR('',#2893,1.);
#2893 = DIRECTION('',(-0.5,-0.866025403784,0.));
#2894 = ORIENTED_EDGE('',*,*,#2895,.T.);
#2895 = EDGE_CURVE('',#2888,#2896,#2898,.T.);
#2896 = VERTEX_POINT('',#2897);
#2897 = CARTESIAN_POINT('',(70.767949192431,-18.,6.));
#2898 = LINE('',#2899,#2900);
#2899 = CARTESIAN_POINT('',(69.035898384862,-15.,6.));
#2900 = VECTOR('',#2901,1.);
#2901 = DIRECTION('',(0.5,-0.866025403784,0.));
#2902 = ORIENTED_EDGE('',*,*,#2903,.T.);
#2903 = EDGE_CURVE('',#2896,#2904,#2906,.T.);
#2904 = VERTEX_POINT('',#2905);
#2905 = CARTESIAN_POINT('',(74.232050807569,-18.,6.));
#2906 = LINE('',#2907,#2908);
#2907 = CARTESIAN_POINT('',(70.767949192431,-18.,6.));
#2908 = VECTOR('',#2909,1.);
#2909 = DIRECTION('',(1.,0.,0.));
#2910 = ORIENTED_EDGE('',*,*,#2911,.T.);
#2911 = EDGE_CURVE('',#2904,#2870,#2912,.T.);
#2912 = LINE('',#2913,#2914);
#2913 = CARTESIAN_POINT('',(74.232050807569,-18.,6.));
#2914 = VECTOR('',#2915,1.);
#2915 = DIRECTION('',(0.5,0.866025403784,0.));
#2916 = FACE_BOUND('',#2917,.T.);
#2917 = EDGE_LOOP('',(#2918));
#2918 = ORIENTED_EDGE('',*,*,#1658,.T.);
#2919 = PLANE('',#2920);
#2920 = AXIS2_PLACEMENT_3D('',#2921,#2922,#2923);
#2921 = CARTESIAN_POINT('',(82.5,-2.606682752653E-15,6.));
#2922 = DIRECTION('',(0.,0.,1.));
#2923 = DIRECTION('',(1.,0.,0.));
#2924 = ADVANCED_FACE('',(#2925,#2975),#2978,.T.);
#2925 = FACE_BOUND('',#2926,.T.);
#2926 = EDGE_LOOP('',(#2927,#2937,#2945,#2953,#2961,#2969));
#2927 = ORIENTED_EDGE('',*,*,#2928,.T.);
#2928 = EDGE_CURVE('',#2929,#2931,#2933,.T.);
#2929 = VERTEX_POINT('',#2930);
#2930 = CARTESIAN_POINT('',(95.964101615138,-15.,6.));
#2931 = VERTEX_POINT('',#2932);
#2932 = CARTESIAN_POINT('',(94.232050807569,-12.,6.));
#2933 = LINE('',#2934,#2935);
#2934 = CARTESIAN_POINT('',(95.964101615138,-15.,6.));
#2935 = VECTOR('',#2936,1.);
#2936 = DIRECTION('',(-0.5,0.866025403784,0.));
#2937 = ORIENTED_EDGE('',*,*,#2938,.T.);
#2938 = EDGE_CURVE('',#2931,#2939,#2941,.T.);
#2939 = VERTEX_POINT('',#2940);
#2940 = CARTESIAN_POINT('',(90.767949192431,-12.,6.));
#2941 = LINE('',#2942,#2943);
#2942 = CARTESIAN_POINT('',(94.232050807569,-12.,6.));
#2943 = VECTOR('',#2944,1.);
#2944 = DIRECTION('',(-1.,0.,0.));
#2945 = ORIENTED_EDGE('',*,*,#2946,.T.);
#2946 = EDGE_CURVE('',#2939,#2947,#2949,.T.);
#2947 = VERTEX_POINT('',#2948);
#2948 = CARTESIAN_POINT('',(89.035898384862,-15.,6.));
#2949 = LINE('',#2950,#2951);
#2950 = CARTESIAN_POINT('',(90.767949192431,-12.,6.));
#2951 = VECTOR('',#2952,1.);
#2952 = DIRECTION('',(-0.5,-0.866025403784,0.));
#2953 = ORIENTED_EDGE('',*,*,#2954,.T.);
#2954 = EDGE_CURVE('',#2947,#2955,#2957,.T.);
#2955 = VERTEX_POINT('',#2956);
#2956 = CARTESIAN_POINT('',(90.767949192431,-18.,6.));
#2957 = LINE('',#2958,#2959);
#2958 = CARTESIAN_POINT('',(89.035898384862,-15.,6.));
#2959 = VECTOR('',#2960,1.);
#2960 = DIRECTION('',(0.5,-0.866025403784,0.));
#2961 = ORIENTED_EDGE('',*,*,#2962,.T.);
#2962 = EDGE_CURVE('',#2955,#2963,#2965,.T.);
#2963 = VERTEX_POINT('',#2964);
#2964 = CARTESIAN_POINT('',(94.232050807569,-18.,6.));
#2965 = LINE('',#2966,#2967);
#2966 = CARTESIAN_POINT('',(90.767949192431,-18.,6.));
#2967 = VECTOR('',#2968,1.);
#2968 = DIRECTION('',(1.,0.,0.));
#2969 = ORIENTED_EDGE('',*,*,#2970,.T.);
#2970 = EDGE_CURVE('',#2963,#2929,#2971,.T.);
#2971 = LINE('',#2972,#2973);
#2972 = CARTESIAN_POINT('',(94.232050807569,-18.,6.));
#2973 = VECTOR('',#2974,1.);
#2974 = DIRECTION('',(0.5,0.866025403784,0.));
#2975 = FACE_BOUND('',#2976,.T.);
#2976 = EDGE_LOOP('',(#2977));
#2977 = ORIENTED_EDGE('',*,*,#1683,.T.);
#2978 = PLANE('',#2979);
#2979 = AXIS2_PLACEMENT_3D('',#2980,#2981,#2982);
#2980 = CARTESIAN_POINT('',(82.5,-2.606682752653E-15,6.));
#2981 = DIRECTION('',(0.,0.,1.));
#2982 = DIRECTION('',(1.,0.,0.));
#2983 = ADVANCED_FACE('',(#2984,#2992),#3003,.F.);
#2984 = FACE_BOUND('',#2985,.F.);
#2985 = EDGE_LOOP('',(#2986,#2987,#2988,#2989,#2990,#2991));
#2986 = ORIENTED_EDGE('',*,*,#1827,.F.);
#2987 = ORIENTED_EDGE('',*,*,#1707,.F.);
#2988 = ORIENTED_EDGE('',*,*,#1738,.F.);
#2989 = ORIENTED_EDGE('',*,*,#1762,.F.);
#2990 = ORIENTED_EDGE('',*,*,#1786,.F.);
#2991 = ORIENTED_EDGE('',*,*,#1810,.F.);
#2992 = FACE_BOUND('',#2993,.F.);
#2993 = EDGE_LOOP('',(#2994));
#2994 = ORIENTED_EDGE('',*,*,#2995,.T.);
#2995 = EDGE_CURVE('',#2996,#2996,#2998,.T.);
#2996 = VERTEX_POINT('',#2997);
#2997 = CARTESIAN_POINT('',(-11.5,26.5,5.5));
#2998 = CIRCLE('',#2999,1.35);
#2999 = AXIS2_PLACEMENT_3D('',#3000,#3001,#3002);
#3000 = CARTESIAN_POINT('',(-12.85,26.5,5.5));
#3001 = DIRECTION('',(0.,0.,-1.));
#3002 = DIRECTION('',(1.,0.,0.));
#3003 = PLANE('',#3004);
#3004 = AXIS2_PLACEMENT_3D('',#3005,#3006,#3007);
#3005 = CARTESIAN_POINT('',(11.65,-2.5,5.5));
#3006 = DIRECTION('',(0.,0.,1.));
#3007 = DIRECTION('',(1.,0.,0.));
#3008 = ADVANCED_FACE('',(#3009,#3059),#3062,.T.);
#3009 = FACE_BOUND('',#3010,.T.);
#3010 = EDGE_LOOP('',(#3011,#3021,#3029,#3037,#3045,#3053));
#3011 = ORIENTED_EDGE('',*,*,#3012,.T.);
#3012 = EDGE_CURVE('',#3013,#3015,#3017,.T.);
#3013 = VERTEX_POINT('',#3014);
#3014 = CARTESIAN_POINT('',(75.964101615138,15.,6.));
#3015 = VERTEX_POINT('',#3016);
#3016 = CARTESIAN_POINT('',(74.232050807569,18.,6.));
#3017 = LINE('',#3018,#3019);
#3018 = CARTESIAN_POINT('',(75.964101615138,15.,6.));
#3019 = VECTOR('',#3020,1.);
#3020 = DIRECTION('',(-0.5,0.866025403784,0.));
#3021 = ORIENTED_EDGE('',*,*,#3022,.T.);
#3022 = EDGE_CURVE('',#3015,#3023,#3025,.T.);
#3023 = VERTEX_POINT('',#3024);
#3024 = CARTESIAN_POINT('',(70.767949192431,18.,6.));
#3025 = LINE('',#3026,#3027);
#3026 = CARTESIAN_POINT('',(74.232050807569,18.,6.));
#3027 = VECTOR('',#3028,1.);
#3028 = DIRECTION('',(-1.,2.051160198809E-15,0.));
#3029 = ORIENTED_EDGE('',*,*,#3030,.T.);
#3030 = EDGE_CURVE('',#3023,#3031,#3033,.T.);
#3031 = VERTEX_POINT('',#3032);
#3032 = CARTESIAN_POINT('',(69.035898384862,15.,6.));
#3033 = LINE('',#3034,#3035);
#3034 = CARTESIAN_POINT('',(70.767949192431,18.,6.));
#3035 = VECTOR('',#3036,1.);
#3036 = DIRECTION('',(-0.5,-0.866025403784,0.));
#3037 = ORIENTED_EDGE('',*,*,#3038,.T.);
#3038 = EDGE_CURVE('',#3031,#3039,#3041,.T.);
#3039 = VERTEX_POINT('',#3040);
#3040 = CARTESIAN_POINT('',(70.767949192431,12.,6.));
#3041 = LINE('',#3042,#3043);
#3042 = CARTESIAN_POINT('',(69.035898384862,15.,6.));
#3043 = VECTOR('',#3044,1.);
#3044 = DIRECTION('',(0.5,-0.866025403784,0.));
#3045 = ORIENTED_EDGE('',*,*,#3046,.T.);
#3046 = EDGE_CURVE('',#3039,#3047,#3049,.T.);
#3047 = VERTEX_POINT('',#3048);
#3048 = CARTESIAN_POINT('',(74.232050807569,12.,6.));
#3049 = LINE('',#3050,#3051);
#3050 = CARTESIAN_POINT('',(70.767949192431,12.,6.));
#3051 = VECTOR('',#3052,1.);
#3052 = DIRECTION('',(1.,1.538370149107E-15,0.));
#3053 = ORIENTED_EDGE('',*,*,#3054,.T.);
#3054 = EDGE_CURVE('',#3047,#3013,#3055,.T.);
#3055 = LINE('',#3056,#3057);
#3056 = CARTESIAN_POINT('',(74.232050807569,12.,6.));
#3057 = VECTOR('',#3058,1.);
#3058 = DIRECTION('',(0.5,0.866025403784,0.));
#3059 = FACE_BOUND('',#3060,.T.);
#3060 = EDGE_LOOP('',(#3061));
#3061 = ORIENTED_EDGE('',*,*,#2196,.T.);
#3062 = PLANE('',#3063);
#3063 = AXIS2_PLACEMENT_3D('',#3064,#3065,#3066);
#3064 = CARTESIAN_POINT('',(82.5,-2.606682752653E-15,6.));
#3065 = DIRECTION('',(0.,0.,1.));
#3066 = DIRECTION('',(1.,0.,0.));
#3067 = ADVANCED_FACE('',(#3068,#3118),#3121,.T.);
#3068 = FACE_BOUND('',#3069,.T.);
#3069 = EDGE_LOOP('',(#3070,#3080,#3088,#3096,#3104,#3112));
#3070 = ORIENTED_EDGE('',*,*,#3071,.T.);
#3071 = EDGE_CURVE('',#3072,#3074,#3076,.T.);
#3072 = VERTEX_POINT('',#3073);
#3073 = CARTESIAN_POINT('',(95.964101615138,15.,6.));
#3074 = VERTEX_POINT('',#3075);
#3075 = CARTESIAN_POINT('',(94.232050807569,18.,6.));
#3076 = LINE('',#3077,#3078);
#3077 = CARTESIAN_POINT('',(95.964101615138,15.,6.));
#3078 = VECTOR('',#3079,1.);
#3079 = DIRECTION('',(-0.5,0.866025403784,0.));
#3080 = ORIENTED_EDGE('',*,*,#3081,.T.);
#3081 = EDGE_CURVE('',#3074,#3082,#3084,.T.);
#3082 = VERTEX_POINT('',#3083);
#3083 = CARTESIAN_POINT('',(90.767949192431,18.,6.));
#3084 = LINE('',#3085,#3086);
#3085 = CARTESIAN_POINT('',(94.232050807569,18.,6.));
#3086 = VECTOR('',#3087,1.);
#3087 = DIRECTION('',(-1.,0.,0.));
#3088 = ORIENTED_EDGE('',*,*,#3089,.T.);
#3089 = EDGE_CURVE('',#3082,#3090,#3092,.T.);
#3090 = VERTEX_POINT('',#3091);
#3091 = CARTESIAN_POINT('',(89.035898384862,15.,6.));
#3092 = LINE('',#3093,#3094);
#3093 = CARTESIAN_POINT('',(90.767949192431,18.,6.));
#3094 = VECTOR('',#3095,1.);
#3095 = DIRECTION('',(-0.5,-0.866025403784,0.));
#3096 = ORIENTED_EDGE('',*,*,#3097,.T.);
#3097 = EDGE_CURVE('',#3090,#3098,#3100,.T.);
#3098 = VERTEX_POINT('',#3099);
#3099 = CARTESIAN_POINT('',(90.767949192431,12.,6.));
#3100 = LINE('',#3101,#3102);
#3101 = CARTESIAN_POINT('',(89.035898384862,15.,6.));
#3102 = VECTOR('',#3103,1.);
#3103 = DIRECTION('',(0.5,-0.866025403784,0.));
#3104 = ORIENTED_EDGE('',*,*,#3105,.T.);
#3105 = EDGE_CURVE('',#3098,#3106,#3108,.T.);
#3106 = VERTEX_POINT('',#3107);
#3107 = CARTESIAN_POINT('',(94.232050807569,12.,6.));
#3108 = LINE('',#3109,#3110);
#3109 = CARTESIAN_POINT('',(90.767949192431,12.,6.));
#3110 = VECTOR('',#3111,1.);
#3111 = DIRECTION('',(1.,0.,0.));
#3112 = ORIENTED_EDGE('',*,*,#3113,.T.);
#3113 = EDGE_CURVE('',#3106,#3072,#3114,.T.);
#3114 = LINE('',#3115,#3116);
#3115 = CARTESIAN_POINT('',(94.232050807569,12.,6.));
#3116 = VECTOR('',#3117,1.);
#3117 = DIRECTION('',(0.5,0.866025403784,0.));
#3118 = FACE_BOUND('',#3119,.T.);
#3119 = EDGE_LOOP('',(#3120));
#3120 = ORIENTED_EDGE('',*,*,#2221,.T.);
#3121 = PLANE('',#3122);
#3122 = AXIS2_PLACEMENT_3D('',#3123,#3124,#3125);
#3123 = CARTESIAN_POINT('',(82.5,-2.606682752653E-15,6.));
#3124 = DIRECTION('',(0.,0.,1.));
#3125 = DIRECTION('',(1.,0.,0.));
#3126 = ADVANCED_FACE('',(#3127,#3135),#3146,.F.);
#3127 = FACE_BOUND('',#3128,.F.);
#3128 = EDGE_LOOP('',(#3129,#3130,#3131,#3132,#3133,#3134));
#3129 = ORIENTED_EDGE('',*,*,#2365,.F.);
#3130 = ORIENTED_EDGE('',*,*,#2245,.F.);
#3131 = ORIENTED_EDGE('',*,*,#2276,.F.);
#3132 = ORIENTED_EDGE('',*,*,#2300,.F.);
#3133 = ORIENTED_EDGE('',*,*,#2324,.F.);
#3134 = ORIENTED_EDGE('',*,*,#2348,.F.);
#3135 = FACE_BOUND('',#3136,.F.);
#3136 = EDGE_LOOP('',(#3137));
#3137 = ORIENTED_EDGE('',*,*,#3138,.T.);
#3138 = EDGE_CURVE('',#3139,#3139,#3141,.T.);
#3139 = VERTEX_POINT('',#3140);
#3140 = CARTESIAN_POINT('',(37.5,26.5,5.5));
#3141 = CIRCLE('',#3142,1.35);
#3142 = AXIS2_PLACEMENT_3D('',#3143,#3144,#3145);
#3143 = CARTESIAN_POINT('',(36.15,26.5,5.5));
#3144 = DIRECTION('',(0.,0.,-1.));
#3145 = DIRECTION('',(1.,0.,0.));
#3146 = PLANE('',#3147);
#3147 = AXIS2_PLACEMENT_3D('',#3148,#3149,#3150);
#3148 = CARTESIAN_POINT('',(11.65,-2.5,5.5));
#3149 = DIRECTION('',(0.,0.,1.));
#3150 = DIRECTION('',(1.,0.,0.));
#3151 = ADVANCED_FACE('',(#3152),#3163,.F.);
#3152 = FACE_BOUND('',#3153,.T.);
#3153 = EDGE_LOOP('',(#3154,#3155,#3161,#3162));
#3154 = ORIENTED_EDGE('',*,*,#2827,.T.);
#3155 = ORIENTED_EDGE('',*,*,#3156,.T.);
#3156 = EDGE_CURVE('',#2828,#2399,#3157,.T.);
#3157 = LINE('',#3158,#3159);
#3158 = CARTESIAN_POINT('',(-11.5,-31.5,4.));
#3159 = VECTOR('',#3160,1.);
#3160 = DIRECTION('',(0.,0.,1.));
#3161 = ORIENTED_EDGE('',*,*,#2398,.T.);
#3162 = ORIENTED_EDGE('',*,*,#3156,.F.);
#3163 = CYLINDRICAL_SURFACE('',#3164,1.35);
#3164 = AXIS2_PLACEMENT_3D('',#3165,#3166,#3167);
#3165 = CARTESIAN_POINT('',(-12.85,-31.5,4.));
#3166 = DIRECTION('',(-0.,-0.,-1.));
#3167 = DIRECTION('',(1.,0.,0.));
#3168 = ADVANCED_FACE('',(#3169),#3180,.F.);
#3169 = FACE_BOUND('',#3170,.T.);
#3170 = EDGE_LOOP('',(#3171,#3172,#3178,#3179));
#3171 = ORIENTED_EDGE('',*,*,#2852,.T.);
#3172 = ORIENTED_EDGE('',*,*,#3173,.T.);
#3173 = EDGE_CURVE('',#2853,#2423,#3174,.T.);
#3174 = LINE('',#3175,#3176);
#3175 = CARTESIAN_POINT('',(37.5,-31.5,4.));
#3176 = VECTOR('',#3177,1.);
#3177 = DIRECTION('',(0.,0.,1.));
#3178 = ORIENTED_EDGE('',*,*,#2422,.T.);
#3179 = ORIENTED_EDGE('',*,*,#3173,.F.);
#3180 = CYLINDRICAL_SURFACE('',#3181,1.35);
#3181 = AXIS2_PLACEMENT_3D('',#3182,#3183,#3184);
#3182 = CARTESIAN_POINT('',(36.15,-31.5,4.));
#3183 = DIRECTION('',(-0.,-0.,-1.));
#3184 = DIRECTION('',(1.,0.,0.));
#3185 = ADVANCED_FACE('',(#3186),#3202,.F.);
#3186 = FACE_BOUND('',#3187,.F.);
#3187 = EDGE_LOOP('',(#3188,#3194,#3195,#3201));
#3188 = ORIENTED_EDGE('',*,*,#3189,.T.);
#3189 = EDGE_CURVE('',#2434,#2870,#3190,.T.);
#3190 = LINE('',#3191,#3192);
#3191 = CARTESIAN_POINT('',(75.964101615138,-15.,9.));
#3192 = VECTOR('',#3193,1.);
#3193 = DIRECTION('',(-0.,-0.,-1.));
#3194 = ORIENTED_EDGE('',*,*,#2869,.T.);
#3195 = ORIENTED_EDGE('',*,*,#3196,.F.);
#3196 = EDGE_CURVE('',#2436,#2872,#3197,.T.);
#3197 = LINE('',#3198,#3199);
#3198 = CARTESIAN_POINT('',(74.232050807569,-12.,9.));
#3199 = VECTOR('',#3200,1.);
#3200 = DIRECTION('',(-0.,-0.,-1.));
#3201 = ORIENTED_EDGE('',*,*,#2433,.F.);
#3202 = PLANE('',#3203);
#3203 = AXIS2_PLACEMENT_3D('',#3204,#3205,#3206);
#3204 = CARTESIAN_POINT('',(75.964101615138,-15.,9.));
#3205 = DIRECTION('',(0.866025403784,0.5,0.));
#3206 = DIRECTION('',(-0.5,0.866025403784,0.));
#3207 = ADVANCED_FACE('',(#3208),#3219,.F.);
#3208 = FACE_BOUND('',#3209,.F.);
#3209 = EDGE_LOOP('',(#3210,#3211,#3212,#3218));
#3210 = ORIENTED_EDGE('',*,*,#3196,.T.);
#3211 = ORIENTED_EDGE('',*,*,#2879,.T.);
#3212 = ORIENTED_EDGE('',*,*,#3213,.F.);
#3213 = EDGE_CURVE('',#2468,#2880,#3214,.T.);
#3214 = LINE('',#3215,#3216);
#3215 = CARTESIAN_POINT('',(70.767949192431,-12.,9.));
#3216 = VECTOR('',#3217,1.);
#3217 = DIRECTION('',(-0.,-0.,-1.));
#3218 = ORIENTED_EDGE('',*,*,#2475,.F.);
#3219 = PLANE('',#3220);
#3220 = AXIS2_PLACEMENT_3D('',#3221,#3222,#3223);
#3221 = CARTESIAN_POINT('',(74.232050807569,-12.,9.));
#3222 = DIRECTION('',(0.,1.,0.));
#3223 = DIRECTION('',(-1.,0.,0.));
#3224 = ADVANCED_FACE('',(#3225),#3236,.F.);
#3225 = FACE_BOUND('',#3226,.F.);
#3226 = EDGE_LOOP('',(#3227,#3228,#3229,#3235));
#3227 = ORIENTED_EDGE('',*,*,#3213,.T.);
#3228 = ORIENTED_EDGE('',*,*,#2887,.T.);
#3229 = ORIENTED_EDGE('',*,*,#3230,.F.);
#3230 = EDGE_CURVE('',#2460,#2888,#3231,.T.);
#3231 = LINE('',#3232,#3233);
#3232 = CARTESIAN_POINT('',(69.035898384862,-15.,9.));
#3233 = VECTOR('',#3234,1.);
#3234 = DIRECTION('',(-0.,-0.,-1.));
#3235 = ORIENTED_EDGE('',*,*,#2467,.F.);
#3236 = PLANE('',#3237);
#3237 = AXIS2_PLACEMENT_3D('',#3238,#3239,#3240);
#3238 = CARTESIAN_POINT('',(70.767949192431,-12.,9.));
#3239 = DIRECTION('',(-0.866025403784,0.5,0.));
#3240 = DIRECTION('',(-0.5,-0.866025403784,0.));
#3241 = ADVANCED_FACE('',(#3242),#3253,.F.);
#3242 = FACE_BOUND('',#3243,.F.);
#3243 = EDGE_LOOP('',(#3244,#3245,#3246,#3252));
#3244 = ORIENTED_EDGE('',*,*,#3230,.T.);
#3245 = ORIENTED_EDGE('',*,*,#2895,.T.);
#3246 = ORIENTED_EDGE('',*,*,#3247,.F.);
#3247 = EDGE_CURVE('',#2452,#2896,#3248,.T.);
#3248 = LINE('',#3249,#3250);
#3249 = CARTESIAN_POINT('',(70.767949192431,-18.,9.));
#3250 = VECTOR('',#3251,1.);
#3251 = DIRECTION('',(-0.,-0.,-1.));
#3252 = ORIENTED_EDGE('',*,*,#2459,.F.);
#3253 = PLANE('',#3254);
#3254 = AXIS2_PLACEMENT_3D('',#3255,#3256,#3257);
#3255 = CARTESIAN_POINT('',(69.035898384862,-15.,9.));
#3256 = DIRECTION('',(-0.866025403784,-0.5,0.));
#3257 = DIRECTION('',(0.5,-0.866025403784,0.));
#3258 = ADVANCED_FACE('',(#3259),#3270,.F.);
#3259 = FACE_BOUND('',#3260,.F.);
#3260 = EDGE_LOOP('',(#3261,#3262,#3263,#3269));
#3261 = ORIENTED_EDGE('',*,*,#3247,.T.);
#3262 = ORIENTED_EDGE('',*,*,#2903,.T.);
#3263 = ORIENTED_EDGE('',*,*,#3264,.F.);
#3264 = EDGE_CURVE('',#2444,#2904,#3265,.T.);
#3265 = LINE('',#3266,#3267);
#3266 = CARTESIAN_POINT('',(74.232050807569,-18.,9.));
#3267 = VECTOR('',#3268,1.);
#3268 = DIRECTION('',(-0.,-0.,-1.));
#3269 = ORIENTED_EDGE('',*,*,#2451,.F.);
#3270 = PLANE('',#3271);
#3271 = AXIS2_PLACEMENT_3D('',#3272,#3273,#3274);
#3272 = CARTESIAN_POINT('',(70.767949192431,-18.,9.));
#3273 = DIRECTION('',(0.,-1.,0.));
#3274 = DIRECTION('',(1.,0.,0.));
#3275 = ADVANCED_FACE('',(#3276),#3282,.F.);
#3276 = FACE_BOUND('',#3277,.F.);
#3277 = EDGE_LOOP('',(#3278,#3279,#3280,#3281));
#3278 = ORIENTED_EDGE('',*,*,#3264,.T.);
#3279 = ORIENTED_EDGE('',*,*,#2911,.T.);
#3280 = ORIENTED_EDGE('',*,*,#3189,.F.);
#3281 = ORIENTED_EDGE('',*,*,#2443,.F.);
#3282 = PLANE('',#3283);
#3283 = AXIS2_PLACEMENT_3D('',#3284,#3285,#3286);
#3284 = CARTESIAN_POINT('',(74.232050807569,-18.,9.));
#3285 = DIRECTION('',(0.866025403784,-0.5,0.));
#3286 = DIRECTION('',(0.5,0.866025403784,0.));
#3287 = ADVANCED_FACE('',(#3288),#3304,.F.);
#3288 = FACE_BOUND('',#3289,.F.);
#3289 = EDGE_LOOP('',(#3290,#3296,#3297,#3303));
#3290 = ORIENTED_EDGE('',*,*,#3291,.T.);
#3291 = EDGE_CURVE('',#2484,#2929,#3292,.T.);
#3292 = LINE('',#3293,#3294);
#3293 = CARTESIAN_POINT('',(95.964101615138,-15.,9.));
#3294 = VECTOR('',#3295,1.);
#3295 = DIRECTION('',(-0.,-0.,-1.));
#3296 = ORIENTED_EDGE('',*,*,#2928,.T.);
#3297 = ORIENTED_EDGE('',*,*,#3298,.F.);
#3298 = EDGE_CURVE('',#2486,#2931,#3299,.T.);
#3299 = LINE('',#3300,#3301);
#3300 = CARTESIAN_POINT('',(94.232050807569,-12.,9.));
#3301 = VECTOR('',#3302,1.);
#3302 = DIRECTION('',(-0.,-0.,-1.));
#3303 = ORIENTED_EDGE('',*,*,#2483,.F.);
#3304 = PLANE('',#3305);
#3305 = AXIS2_PLACEMENT_3D('',#3306,#3307,#3308);
#3306 = CARTESIAN_POINT('',(95.964101615138,-15.,9.));
#3307 = DIRECTION('',(0.866025403784,0.5,0.));
#3308 = DIRECTION('',(-0.5,0.866025403784,0.));
#3309 = ADVANCED_FACE('',(#3310),#3321,.F.);
#3310 = FACE_BOUND('',#3311,.F.);
#3311 = EDGE_LOOP('',(#3312,#3313,#3314,#3320));
#3312 = ORIENTED_EDGE('',*,*,#3298,.T.);
#3313 = ORIENTED_EDGE('',*,*,#2938,.T.);
#3314 = ORIENTED_EDGE('',*,*,#3315,.F.);
#3315 = EDGE_CURVE('',#2518,#2939,#3316,.T.);
#3316 = LINE('',#3317,#3318);
#3317 = CARTESIAN_POINT('',(90.767949192431,-12.,9.));
#3318 = VECTOR('',#3319,1.);
#3319 = DIRECTION('',(-0.,-0.,-1.));
#3320 = ORIENTED_EDGE('',*,*,#2525,.F.);
#3321 = PLANE('',#3322);
#3322 = AXIS2_PLACEMENT_3D('',#3323,#3324,#3325);
#3323 = CARTESIAN_POINT('',(94.232050807569,-12.,9.));
#3324 = DIRECTION('',(0.,1.,0.));
#3325 = DIRECTION('',(-1.,0.,0.));
#3326 = ADVANCED_FACE('',(#3327),#3338,.F.);
#3327 = FACE_BOUND('',#3328,.F.);
#3328 = EDGE_LOOP('',(#3329,#3330,#3331,#3337));
#3329 = ORIENTED_EDGE('',*,*,#3315,.T.);
#3330 = ORIENTED_EDGE('',*,*,#2946,.T.);
#3331 = ORIENTED_EDGE('',*,*,#3332,.F.);
#3332 = EDGE_CURVE('',#2510,#2947,#3333,.T.);
#3333 = LINE('',#3334,#3335);
#3334 = CARTESIAN_POINT('',(89.035898384862,-15.,9.));
#3335 = VECTOR('',#3336,1.);
#3336 = DIRECTION('',(-0.,-0.,-1.));
#3337 = ORIENTED_EDGE('',*,*,#2517,.F.);
#3338 = PLANE('',#3339);
#3339 = AXIS2_PLACEMENT_3D('',#3340,#3341,#3342);
#3340 = CARTESIAN_POINT('',(90.767949192431,-12.,9.));
#3341 = DIRECTION('',(-0.866025403784,0.5,0.));
#3342 = DIRECTION('',(-0.5,-0.866025403784,0.));
#3343 = ADVANCED_FACE('',(#3344),#3355,.F.);
#3344 = FACE_BOUND('',#3345,.F.);
#3345 = EDGE_LOOP('',(#3346,#3347,#3348,#3354));
#3346 = ORIENTED_EDGE('',*,*,#3332,.T.);
#3347 = ORIENTED_EDGE('',*,*,#2954,.T.);
#3348 = ORIENTED_EDGE('',*,*,#3349,.F.);
#3349 = EDGE_CURVE('',#2502,#2955,#3350,.T.);
#3350 = LINE('',#3351,#3352);
#3351 = CARTESIAN_POINT('',(90.767949192431,-18.,9.));
#3352 = VECTOR('',#3353,1.);
#3353 = DIRECTION('',(-0.,-0.,-1.));
#3354 = ORIENTED_EDGE('',*,*,#2509,.F.);
#3355 = PLANE('',#3356);
#3356 = AXIS2_PLACEMENT_3D('',#3357,#3358,#3359);
#3357 = CARTESIAN_POINT('',(89.035898384862,-15.,9.));
#3358 = DIRECTION('',(-0.866025403784,-0.5,0.));
#3359 = DIRECTION('',(0.5,-0.866025403784,0.));
#3360 = ADVANCED_FACE('',(#3361),#3372,.F.);
#3361 = FACE_BOUND('',#3362,.F.);
#3362 = EDGE_LOOP('',(#3363,#3364,#3365,#3371));
#3363 = ORIENTED_EDGE('',*,*,#3349,.T.);
#3364 = ORIENTED_EDGE('',*,*,#2962,.T.);
#3365 = ORIENTED_EDGE('',*,*,#3366,.F.);
#3366 = EDGE_CURVE('',#2494,#2963,#3367,.T.);
#3367 = LINE('',#3368,#3369);
#3368 = CARTESIAN_POINT('',(94.232050807569,-18.,9.));
#3369 = VECTOR('',#3370,1.);
#3370 = DIRECTION('',(-0.,-0.,-1.));
#3371 = ORIENTED_EDGE('',*,*,#2501,.F.);
#3372 = PLANE('',#3373);
#3373 = AXIS2_PLACEMENT_3D('',#3374,#3375,#3376);
#3374 = CARTESIAN_POINT('',(90.767949192431,-18.,9.));
#3375 = DIRECTION('',(0.,-1.,0.));
#3376 = DIRECTION('',(1.,0.,0.));
#3377 = ADVANCED_FACE('',(#3378),#3384,.F.);
#3378 = FACE_BOUND('',#3379,.F.);
#3379 = EDGE_LOOP('',(#3380,#3381,#3382,#3383));
#3380 = ORIENTED_EDGE('',*,*,#3366,.T.);
#3381 = ORIENTED_EDGE('',*,*,#2970,.T.);
#3382 = ORIENTED_EDGE('',*,*,#3291,.F.);
#3383 = ORIENTED_EDGE('',*,*,#2493,.F.);
#3384 = PLANE('',#3385);
#3385 = AXIS2_PLACEMENT_3D('',#3386,#3387,#3388);
#3386 = CARTESIAN_POINT('',(94.232050807569,-18.,9.));
#3387 = DIRECTION('',(0.866025403784,-0.5,0.));
#3388 = DIRECTION('',(0.5,0.866025403784,0.));
#3389 = ADVANCED_FACE('',(#3390),#3401,.F.);
#3390 = FACE_BOUND('',#3391,.T.);
#3391 = EDGE_LOOP('',(#3392,#3393,#3399,#3400));
#3392 = ORIENTED_EDGE('',*,*,#2995,.T.);
#3393 = ORIENTED_EDGE('',*,*,#3394,.T.);
#3394 = EDGE_CURVE('',#2996,#2534,#3395,.T.);
#3395 = LINE('',#3396,#3397);
#3396 = CARTESIAN_POINT('',(-11.5,26.5,4.));
#3397 = VECTOR('',#3398,1.);
#3398 = DIRECTION('',(0.,0.,1.));
#3399 = ORIENTED_EDGE('',*,*,#2533,.T.);
#3400 = ORIENTED_EDGE('',*,*,#3394,.F.);
#3401 = CYLINDRICAL_SURFACE('',#3402,1.35);
#3402 = AXIS2_PLACEMENT_3D('',#3403,#3404,#3405);
#3403 = CARTESIAN_POINT('',(-12.85,26.5,4.));
#3404 = DIRECTION('',(-0.,-0.,-1.));
#3405 = DIRECTION('',(1.,0.,0.));
#3406 = ADVANCED_FACE('',(#3407),#3423,.F.);
#3407 = FACE_BOUND('',#3408,.F.);
#3408 = EDGE_LOOP('',(#3409,#3415,#3416,#3422));
#3409 = ORIENTED_EDGE('',*,*,#3410,.T.);
#3410 = EDGE_CURVE('',#2567,#3013,#3411,.T.);
#3411 = LINE('',#3412,#3413);
#3412 = CARTESIAN_POINT('',(75.964101615138,15.,9.));
#3413 = VECTOR('',#3414,1.);
#3414 = DIRECTION('',(-0.,-0.,-1.));
#3415 = ORIENTED_EDGE('',*,*,#3012,.T.);
#3416 = ORIENTED_EDGE('',*,*,#3417,.F.);
#3417 = EDGE_CURVE('',#2569,#3015,#3418,.T.);
#3418 = LINE('',#3419,#3420);
#3419 = CARTESIAN_POINT('',(74.232050807569,18.,9.));
#3420 = VECTOR('',#3421,1.);
#3421 = DIRECTION('',(-0.,-0.,-1.));
#3422 = ORIENTED_EDGE('',*,*,#2566,.F.);
#3423 = PLANE('',#3424);
#3424 = AXIS2_PLACEMENT_3D('',#3425,#3426,#3427);
#3425 = CARTESIAN_POINT('',(75.964101615138,15.,9.));
#3426 = DIRECTION('',(0.866025403784,0.5,0.));
#3427 = DIRECTION('',(-0.5,0.866025403784,0.));
#3428 = ADVANCED_FACE('',(#3429),#3440,.F.);
#3429 = FACE_BOUND('',#3430,.F.);
#3430 = EDGE_LOOP('',(#3431,#3432,#3433,#3439));
#3431 = ORIENTED_EDGE('',*,*,#3417,.T.);
#3432 = ORIENTED_EDGE('',*,*,#3022,.T.);
#3433 = ORIENTED_EDGE('',*,*,#3434,.F.);
#3434 = EDGE_CURVE('',#2601,#3023,#3435,.T.);
#3435 = LINE('',#3436,#3437);
#3436 = CARTESIAN_POINT('',(70.767949192431,18.,9.));
#3437 = VECTOR('',#3438,1.);
#3438 = DIRECTION('',(-0.,-0.,-1.));
#3439 = ORIENTED_EDGE('',*,*,#2608,.F.);
#3440 = PLANE('',#3441);
#3441 = AXIS2_PLACEMENT_3D('',#3442,#3443,#3444);
#3442 = CARTESIAN_POINT('',(74.232050807569,18.,9.));
#3443 = DIRECTION('',(2.051160198809E-15,1.,0.));
#3444 = DIRECTION('',(-1.,2.051160198809E-15,0.));
#3445 = ADVANCED_FACE('',(#3446),#3457,.F.);
#3446 = FACE_BOUND('',#3447,.F.);
#3447 = EDGE_LOOP('',(#3448,#3449,#3450,#3456));
#3448 = ORIENTED_EDGE('',*,*,#3434,.T.);
#3449 = ORIENTED_EDGE('',*,*,#3030,.T.);
#3450 = ORIENTED_EDGE('',*,*,#3451,.F.);
#3451 = EDGE_CURVE('',#2593,#3031,#3452,.T.);
#3452 = LINE('',#3453,#3454);
#3453 = CARTESIAN_POINT('',(69.035898384862,15.,9.));
#3454 = VECTOR('',#3455,1.);
#3455 = DIRECTION('',(-0.,-0.,-1.));
#3456 = ORIENTED_EDGE('',*,*,#2600,.F.);
#3457 = PLANE('',#3458);
#3458 = AXIS2_PLACEMENT_3D('',#3459,#3460,#3461);
#3459 = CARTESIAN_POINT('',(70.767949192431,18.,9.));
#3460 = DIRECTION('',(-0.866025403784,0.5,0.));
#3461 = DIRECTION('',(-0.5,-0.866025403784,0.));
#3462 = ADVANCED_FACE('',(#3463),#3474,.F.);
#3463 = FACE_BOUND('',#3464,.F.);
#3464 = EDGE_LOOP('',(#3465,#3466,#3467,#3473));
#3465 = ORIENTED_EDGE('',*,*,#3451,.T.);
#3466 = ORIENTED_EDGE('',*,*,#3038,.T.);
#3467 = ORIENTED_EDGE('',*,*,#3468,.F.);
#3468 = EDGE_CURVE('',#2585,#3039,#3469,.T.);
#3469 = LINE('',#3470,#3471);
#3470 = CARTESIAN_POINT('',(70.767949192431,12.,9.));
#3471 = VECTOR('',#3472,1.);
#3472 = DIRECTION('',(-0.,-0.,-1.));
#3473 = ORIENTED_EDGE('',*,*,#2592,.F.);
#3474 = PLANE('',#3475);
#3475 = AXIS2_PLACEMENT_3D('',#3476,#3477,#3478);
#3476 = CARTESIAN_POINT('',(69.035898384862,15.,9.));
#3477 = DIRECTION('',(-0.866025403784,-0.5,0.));
#3478 = DIRECTION('',(0.5,-0.866025403784,0.));
#3479 = ADVANCED_FACE('',(#3480),#3491,.F.);
#3480 = FACE_BOUND('',#3481,.F.);
#3481 = EDGE_LOOP('',(#3482,#3483,#3484,#3490));
#3482 = ORIENTED_EDGE('',*,*,#3468,.T.);
#3483 = ORIENTED_EDGE('',*,*,#3046,.T.);
#3484 = ORIENTED_EDGE('',*,*,#3485,.F.);
#3485 = EDGE_CURVE('',#2577,#3047,#3486,.T.);
#3486 = LINE('',#3487,#3488);
#3487 = CARTESIAN_POINT('',(74.232050807569,12.,9.));
#3488 = VECTOR('',#3489,1.);
#3489 = DIRECTION('',(-0.,-0.,-1.));
#3490 = ORIENTED_EDGE('',*,*,#2584,.F.);
#3491 = PLANE('',#3492);
#3492 = AXIS2_PLACEMENT_3D('',#3493,#3494,#3495);
#3493 = CARTESIAN_POINT('',(70.767949192431,12.,9.));
#3494 = DIRECTION('',(1.538370149107E-15,-1.,0.));
#3495 = DIRECTION('',(1.,1.538370149107E-15,0.));
#3496 = ADVANCED_FACE('',(#3497),#3503,.F.);
#3497 = FACE_BOUND('',#3498,.F.);
#3498 = EDGE_LOOP('',(#3499,#3500,#3501,#3502));
#3499 = ORIENTED_EDGE('',*,*,#3485,.T.);
#3500 = ORIENTED_EDGE('',*,*,#3054,.T.);
#3501 = ORIENTED_EDGE('',*,*,#3410,.F.);
#3502 = ORIENTED_EDGE('',*,*,#2576,.F.);
#3503 = PLANE('',#3504);
#3504 = AXIS2_PLACEMENT_3D('',#3505,#3506,#3507);
#3505 = CARTESIAN_POINT('',(74.232050807569,12.,9.));
#3506 = DIRECTION('',(0.866025403784,-0.5,0.));
#3507 = DIRECTION('',(0.5,0.866025403784,0.));
#3508 = ADVANCED_FACE('',(#3509),#3525,.F.);
#3509 = FACE_BOUND('',#3510,.F.);
#3510 = EDGE_LOOP('',(#3511,#3517,#3518,#3524));
#3511 = ORIENTED_EDGE('',*,*,#3512,.T.);
#3512 = EDGE_CURVE('',#2617,#3072,#3513,.T.);
#3513 = LINE('',#3514,#3515);
#3514 = CARTESIAN_POINT('',(95.964101615138,15.,9.));
#3515 = VECTOR('',#3516,1.);
#3516 = DIRECTION('',(-0.,-0.,-1.));
#3517 = ORIENTED_EDGE('',*,*,#3071,.T.);
#3518 = ORIENTED_EDGE('',*,*,#3519,.F.);
#3519 = EDGE_CURVE('',#2619,#3074,#3520,.T.);
#3520 = LINE('',#3521,#3522);
#3521 = CARTESIAN_POINT('',(94.232050807569,18.,9.));
#3522 = VECTOR('',#3523,1.);
#3523 = DIRECTION('',(-0.,-0.,-1.));
#3524 = ORIENTED_EDGE('',*,*,#2616,.F.);
#3525 = PLANE('',#3526);
#3526 = AXIS2_PLACEMENT_3D('',#3527,#3528,#3529);
#3527 = CARTESIAN_POINT('',(95.964101615138,15.,9.));
#3528 = DIRECTION('',(0.866025403784,0.5,0.));
#3529 = DIRECTION('',(-0.5,0.866025403784,0.));
#3530 = ADVANCED_FACE('',(#3531),#3542,.F.);
#3531 = FACE_BOUND('',#3532,.F.);
#3532 = EDGE_LOOP('',(#3533,#3534,#3535,#3541));
#3533 = ORIENTED_EDGE('',*,*,#3519,.T.);
#3534 = ORIENTED_EDGE('',*,*,#3081,.T.);
#3535 = ORIENTED_EDGE('',*,*,#3536,.F.);
#3536 = EDGE_CURVE('',#2651,#3082,#3537,.T.);
#3537 = LINE('',#3538,#3539);
#3538 = CARTESIAN_POINT('',(90.767949192431,18.,9.));
#3539 = VECTOR('',#3540,1.);
#3540 = DIRECTION('',(-0.,-0.,-1.));
#3541 = ORIENTED_EDGE('',*,*,#2658,.F.);
#3542 = PLANE('',#3543);
#3543 = AXIS2_PLACEMENT_3D('',#3544,#3545,#3546);
#3544 = CARTESIAN_POINT('',(94.232050807569,18.,9.));
#3545 = DIRECTION('',(0.,1.,0.));
#3546 = DIRECTION('',(-1.,0.,0.));
#3547 = ADVANCED_FACE('',(#3548),#3559,.F.);
#3548 = FACE_BOUND('',#3549,.F.);
#3549 = EDGE_LOOP('',(#3550,#3551,#3552,#3558));
#3550 = ORIENTED_EDGE('',*,*,#3536,.T.);
#3551 = ORIENTED_EDGE('',*,*,#3089,.T.);
#3552 = ORIENTED_EDGE('',*,*,#3553,.F.);
#3553 = EDGE_CURVE('',#2643,#3090,#3554,.T.);
#3554 = LINE('',#3555,#3556);
#3555 = CARTESIAN_POINT('',(89.035898384862,15.,9.));
#3556 = VECTOR('',#3557,1.);
#3557 = DIRECTION('',(-0.,-0.,-1.));
#3558 = ORIENTED_EDGE('',*,*,#2650,.F.);
#3559 = PLANE('',#3560);
#3560 = AXIS2_PLACEMENT_3D('',#3561,#3562,#3563);
#3561 = CARTESIAN_POINT('',(90.767949192431,18.,9.));
#3562 = DIRECTION('',(-0.866025403784,0.5,0.));
#3563 = DIRECTION('',(-0.5,-0.866025403784,0.));
#3564 = ADVANCED_FACE('',(#3565),#3576,.F.);
#3565 = FACE_BOUND('',#3566,.F.);
#3566 = EDGE_LOOP('',(#3567,#3568,#3569,#3575));
#3567 = ORIENTED_EDGE('',*,*,#3553,.T.);
#3568 = ORIENTED_EDGE('',*,*,#3097,.T.);
#3569 = ORIENTED_EDGE('',*,*,#3570,.F.);
#3570 = EDGE_CURVE('',#2635,#3098,#3571,.T.);
#3571 = LINE('',#3572,#3573);
#3572 = CARTESIAN_POINT('',(90.767949192431,12.,9.));
#3573 = VECTOR('',#3574,1.);
#3574 = DIRECTION('',(-0.,-0.,-1.));
#3575 = ORIENTED_EDGE('',*,*,#2642,.F.);
#3576 = PLANE('',#3577);
#3577 = AXIS2_PLACEMENT_3D('',#3578,#3579,#3580);
#3578 = CARTESIAN_POINT('',(89.035898384862,15.,9.));
#3579 = DIRECTION('',(-0.866025403784,-0.5,0.));
#3580 = DIRECTION('',(0.5,-0.866025403784,0.));
#3581 = ADVANCED_FACE('',(#3582),#3593,.F.);
#3582 = FACE_BOUND('',#3583,.F.);
#3583 = EDGE_LOOP('',(#3584,#3585,#3586,#3592));
#3584 = ORIENTED_EDGE('',*,*,#3570,.T.);
#3585 = ORIENTED_EDGE('',*,*,#3105,.T.);
#3586 = ORIENTED_EDGE('',*,*,#3587,.F.);
#3587 = EDGE_CURVE('',#2627,#3106,#3588,.T.);
#3588 = LINE('',#3589,#3590);
#3589 = CARTESIAN_POINT('',(94.232050807569,12.,9.));
#3590 = VECTOR('',#3591,1.);
#3591 = DIRECTION('',(-0.,-0.,-1.));
#3592 = ORIENTED_EDGE('',*,*,#2634,.F.);
#3593 = PLANE('',#3594);
#3594 = AXIS2_PLACEMENT_3D('',#3595,#3596,#3597);
#3595 = CARTESIAN_POINT('',(90.767949192431,12.,9.));
#3596 = DIRECTION('',(0.,-1.,0.));
#3597 = DIRECTION('',(1.,0.,0.));
#3598 = ADVANCED_FACE('',(#3599),#3605,.F.);
#3599 = FACE_BOUND('',#3600,.F.);
#3600 = EDGE_LOOP('',(#3601,#3602,#3603,#3604));
#3601 = ORIENTED_EDGE('',*,*,#3587,.T.);
#3602 = ORIENTED_EDGE('',*,*,#3113,.T.);
#3603 = ORIENTED_EDGE('',*,*,#3512,.F.);
#3604 = ORIENTED_EDGE('',*,*,#2626,.F.);
#3605 = PLANE('',#3606);
#3606 = AXIS2_PLACEMENT_3D('',#3607,#3608,#3609);
#3607 = CARTESIAN_POINT('',(94.232050807569,12.,9.));
#3608 = DIRECTION('',(0.866025403784,-0.5,0.));
#3609 = DIRECTION('',(0.5,0.866025403784,0.));
#3610 = ADVANCED_FACE('',(#3611),#3622,.F.);
#3611 = FACE_BOUND('',#3612,.T.);
#3612 = EDGE_LOOP('',(#3613,#3614,#3620,#3621));
#3613 = ORIENTED_EDGE('',*,*,#3138,.T.);
#3614 = ORIENTED_EDGE('',*,*,#3615,.T.);
#3615 = EDGE_CURVE('',#3139,#2667,#3616,.T.);
#3616 = LINE('',#3617,#3618);
#3617 = CARTESIAN_POINT('',(37.5,26.5,4.));
#3618 = VECTOR('',#3619,1.);
#3619 = DIRECTION('',(0.,0.,1.));
#3620 = ORIENTED_EDGE('',*,*,#2666,.T.);
#3621 = ORIENTED_EDGE('',*,*,#3615,.F.);
#3622 = CYLINDRICAL_SURFACE('',#3623,1.35);
#3623 = AXIS2_PLACEMENT_3D('',#3624,#3625,#3626);
#3624 = CARTESIAN_POINT('',(36.15,26.5,4.));
#3625 = DIRECTION('',(-0.,-0.,-1.));
#3626 = DIRECTION('',(1.,0.,0.));
#3627 = ADVANCED_FACE('',(#3628),#3639,.F.);
#3628 = FACE_BOUND('',#3629,.F.);
#3629 = EDGE_LOOP('',(#3630,#3631,#3637,#3638));
#3630 = ORIENTED_EDGE('',*,*,#2779,.F.);
#3631 = ORIENTED_EDGE('',*,*,#3632,.T.);
#3632 = EDGE_CURVE('',#2780,#2712,#3633,.T.);
#3633 = LINE('',#3634,#3635);
#3634 = CARTESIAN_POINT('',(2.25,12.,-15.00000000003));
#3635 = VECTOR('',#3636,1.);
#3636 = DIRECTION('',(0.,0.,1.));
#3637 = ORIENTED_EDGE('',*,*,#2711,.T.);
#3638 = ORIENTED_EDGE('',*,*,#3632,.F.);
#3639 = CYLINDRICAL_SURFACE('',#3640,2.25);
#3640 = AXIS2_PLACEMENT_3D('',#3641,#3642,#3643);
#3641 = CARTESIAN_POINT('',(0.,12.,-15.00000000003));
#3642 = DIRECTION('',(0.,0.,-1.));
#3643 = DIRECTION('',(1.,0.,0.));
#3644 = ADVANCED_FACE('',(#3645),#3656,.F.);
#3645 = FACE_BOUND('',#3646,.F.);
#3646 = EDGE_LOOP('',(#3647,#3648,#3654,#3655));
#3647 = ORIENTED_EDGE('',*,*,#2790,.F.);
#3648 = ORIENTED_EDGE('',*,*,#3649,.T.);
#3649 = EDGE_CURVE('',#2791,#2723,#3650,.T.);
#3650 = LINE('',#3651,#3652);
#3651 = CARTESIAN_POINT('',(2.25,-12.,-15.00000000003));
#3652 = VECTOR('',#3653,1.);
#3653 = DIRECTION('',(0.,0.,1.));
#3654 = ORIENTED_EDGE('',*,*,#2722,.T.);
#3655 = ORIENTED_EDGE('',*,*,#3649,.F.);
#3656 = CYLINDRICAL_SURFACE('',#3657,2.25);
#3657 = AXIS2_PLACEMENT_3D('',#3658,#3659,#3660);
#3658 = CARTESIAN_POINT('',(0.,-12.,-15.00000000003));
#3659 = DIRECTION('',(0.,0.,-1.));
#3660 = DIRECTION('',(1.,0.,0.));
#3661 = ( GEOMETRIC_REPRESENTATION_CONTEXT(3) 
GLOBAL_UNCERTAINTY_ASSIGNED_CONTEXT((#3665)) 
GLOBAL_UNIT_ASSIGNED_CONTEXT((#3662,#3663,#3664)) REPRESENTATION_CONTEXT
('Context #1','3D Context with UNIT and UNCERTAINTY') );
#3662 = ( LENGTH_UNIT() NAMED_UNIT(*) SI_UNIT(.MILLI.,.METRE.) );
#3663 = ( NAMED_UNIT(*) PLANE_ANGLE_UNIT() SI_UNIT($,.RADIAN.) );
#3664 = ( NAMED_UNIT(*) SI_UNIT($,.STERADIAN.) SOLID_ANGLE_UNIT() );
#3665 = UNCERTAINTY_MEASURE_WITH_UNIT(LENGTH_MEASURE(5.E-06),#3662,
  'distance_accuracy_value','confusion accuracy');
#3666 = PRODUCT_RELATED_PRODUCT_CATEGORY('part',$,(#7));
#3667 = MECHANICAL_DESIGN_GEOMETRIC_PRESENTATION_REPRESENTATION('',(
    #3668),#3661);
#3668 = STYLED_ITEM('color',(#3669),#15);
#3669 = PRESENTATION_STYLE_ASSIGNMENT((#3670,#3676));
#3670 = SURFACE_STYLE_USAGE(.BOTH.,#3671);
#3671 = SURFACE_SIDE_STYLE('',(#3672));
#3672 = SURFACE_STYLE_FILL_AREA(#3673);
#3673 = FILL_AREA_STYLE('',(#3674));
#3674 = FILL_AREA_STYLE_COLOUR('',#3675);
#3675 = COLOUR_RGB('',0.486274506065,0.529411796197,0.556862780639);
#3676 = CURVE_STYLE('',#3677,POSITIVE_LENGTH_MEASURE(0.1),#3678);
#3677 = DRAUGHTING_PRE_DEFINED_CURVE_FONT('continuous');
#3678 = COLOUR_RGB('',9.803921802644E-02,9.803921802644E-02,
  9.803921802644E-02);
ENDSEC;
END-ISO-10303-21;
